,Unnamed: 0,Country,"GDP (nominal, 2023)",GDP (abbrev.),GDP Growth,Population 2023,GDP per capita,Share of World GDP,GDP Growth_num,GDP per capita_num,Share of World GDP_num
0,0,United States,27720700000000.0,27.721 trillion,2.89%,343477335,"$80,706",26.11%,0.028900000000000002,80706.0,26.11
1,1,China,17794800000000.0,17.795 trillion,5.25%,1422584933,"$12,509",16.76%,0.0525,12509.0,16.76
2,2,Germany,4525700000000.0,4.526 trillion,−0.27%,84548231,"$53,528",4.26%,-0.0027,53528.0,4.26
3,3,Japan,4204490000000.0,4.204 trillion,1.68%,124370947,"$33,806",3.96%,0.0168,33806.0,3.96
4,4,India,3567550000000.0,3.568 trillion,8.15%,1438069596,"$2,481",3.36%,0.0815,2481.0,3.36
5,5,United Kingdom,3380850000000.0,3.381 trillion,0.34%,68682962,"$49,224",3.18%,0.0034000000000000002,49224.0,3.18
6,6,France,3051830000000.0,3.052 trillion,0.94%,66438822,"$45,934",2.87%,0.009399999999999999,45934.0,2.87
7,7,Italy,2300940000000.0,2.301 trillion,0.7%,59499453,"$38,672",2.17%,0.006999999999999999,38672.0,2.17
8,8,Brazil,2173670000000.0,2.174 trillion,2.91%,211140729,"$10,295",2.05%,0.0291,10295.0,2.05
9,9,Canada,2142470000000.0,2.142 trillion,1.25%,39299105,"$54,517",2.02%,0.0125,54517.0,2.02
10,10,Russia,2021420000000.0,2.021 trillion,3.6%,145440500,"$13,899",1.90%,0.036000000000000004,13899.0,1.9
11,11,Mexico,1789110000000.0,1.789 trillion,3.2%,129739759,"$13,790",1.69%,0.032,13790.0,1.69
12,12,Australia,1728060000000.0,1.728 trillion,3.44%,26451124,"$65,330",1.63%,0.0344,65330.0,1.63
13,13,South Korea,1712790000000.0,1.713 trillion,1.36%,51748739,"$33,098",1.61%,0.013600000000000001,33098.0,1.61
14,14,Spain,1620090000000.0,1.62 trillion,2.68%,47911579,"$33,814",1.53%,0.0268,33814.0,1.53
15,15,Indonesia,1371170000000.0,1.371 trillion,5.05%,281190067,"$4,876",1.29%,0.050499999999999996,4876.0,1.29
16,16,Netherlands,1154360000000.0,1.154 trillion,0.07%,18092524,"$63,803",1.09%,0.0007000000000000001,63803.0,1.09
17,17,Turkey,1118250000000.0,1.118 trillion,5.11%,87270501,"$12,814",1.05%,0.051100000000000007,12814.0,1.05
18,18,Saudi Arabia,1067580000000.0,1.068 trillion,−0.76%,33264292,"$32,094",1.01%,-0.0076,32094.0,1.01
19,19,Switzerland,884940000000.0,884.94 billion,0.72%,8870561,"$99,761",0.83%,0.0072,99761.0,0.83
20,20,Poland,809201000000.0,809.201 billion,0.14%,38762844,"$20,876",0.76%,0.0014000000000000002,20876.0,0.76
21,21,Argentina,646075000000.0,646.075 billion,−1.61%,45538401,"$14,187",0.61%,-0.0161,14187.0,0.61
22,22,Belgium,644783000000.0,644.783 billion,1.25%,11712893,"$55,049",0.61%,0.0125,55049.0,0.61
23,23,Sweden,584960000000.0,584.96 billion,−0.31%,10551494,"$55,439",0.55%,-0.0031,55439.0,0.55
24,24,Ireland,551395000000.0,551.395 billion,−5.53%,5196630,"$106,106",0.52%,-0.0553,106106.0,0.52
25,25,Thailand,514969000000.0,514.969 billion,1.89%,71702435,"$7,182",0.49%,0.0189,7182.0,0.49
26,26,United Arab Emirates,514130000000.0,514.13 billion,3.62%,10642081,"$48,311",0.48%,0.0362,48311.0,0.48
27,27,Israel,513611000000.0,513.611 billion,2.42%,9256314,"$55,488",0.48%,0.0242,55488.0,0.48
28,28,Austria,511685000000.0,511.685 billion,−0.95%,9130429,"$56,042",0.48%,-0.0095,56042.0,0.48
29,29,Singapore,501428000000.0,501.428 billion,1.07%,5789090,"$86,616",0.47%,0.010700000000000001,86616.0,0.47
30,30,Norway,485311000000.0,485.311 billion,0.48%,5519167,"$87,932",0.46%,0.0048,87932.0,0.46
31,31,Bangladesh,437415000000.0,437.415 billion,5.78%,171466990,"$2,551",0.41%,0.057800000000000004,2551.0,0.41
32,32,Philippines,437146000000.0,437.146 billion,5.55%,114891199,"$3,805",0.41%,0.0555,3805.0,0.41
33,33,Vietnam,429717000000.0,429.717 billion,5.05%,100352192,"$4,282",0.40%,0.050499999999999996,4282.0,0.4
34,34,Denmark,407092000000.0,407.092 billion,2.5%,5948136,"$68,440",0.38%,0.025,68440.0,0.38
35,35,Iran,404626000000.0,404.626 billion,5.04%,90608707,"$4,466",0.38%,0.0504,4466.0,0.38
36,36,Malaysia,399705000000.0,399.705 billion,3.56%,35126298,"$11,379",0.38%,0.0356,11379.0,0.38
37,37,Egypt,396002000000.0,396.002 billion,3.76%,114535772,"$3,457",0.37%,0.037599999999999995,3457.0,0.37
38,38,Hong Kong,380812000000.0,380.812 billion,3.28%,7442734,"$51,166",0.36%,0.032799999999999996,51166.0,0.36
39,39,South Africa,380699000000.0,380.699 billion,0.7%,63212384,"$6,023",0.36%,0.006999999999999999,6023.0,0.36
40,40,Nigeria,363846000000.0,363.846 billion,2.86%,227882945,"$1,597",0.34%,0.0286,1597.0,0.34
41,41,Colombia,363494000000.0,363.494 billion,0.61%,52321152,"$6,947",0.34%,0.0060999999999999995,6947.0,0.34
42,42,Romania,350776000000.0,350.776 billion,2.4%,19118479,"$18,347",0.33%,0.024,18347.0,0.33
43,43,Czech Republic (Czechia),343208000000.0,343.208 billion,−0.09%,10809716,"$31,750",0.32%,-0.0009,31750.0,0.32
44,44,Pakistan,337912000000.0,337.912 billion,−0.04%,247504495,"$1,365",0.32%,-0.0004,1365.0,0.32
45,45,Chile,335533000000.0,335.533 billion,0.22%,19658835,"$17,068",0.32%,0.0022,17068.0,0.32
46,46,Finland,295532000000.0,295.532 billion,−1.16%,5601185,"$52,762",0.28%,-0.0116,52762.0,0.28
47,47,Portugal,289114000000.0,289.114 billion,2.53%,10430738,"$27,718",0.27%,0.0253,27718.0,0.27
48,48,Peru,267603000000.0,267.603 billion,−0.55%,33845617,"$7,907",0.25%,-0.0055000000000000005,7907.0,0.25
49,49,Kazakhstan,262642000000.0,262.642 billion,5.1%,20330104,"$12,919",0.25%,0.051,12919.0,0.25
50,50,New Zealand,252176000000.0,252.176 billion,0.73%,5172836,"$48,750",0.24%,0.0073,48750.0,0.24
51,51,Iraq,250843000000.0,250.843 billion,−2.94%,45074049,"$5,565",0.24%,-0.0294,5565.0,0.24
52,52,Algeria,247626000000.0,247.626 billion,4.1%,46164219,"$5,364",0.23%,0.040999999999999995,5364.0,0.23
53,53,Greece,243498000000.0,243.498 billion,2.33%,10242908,"$23,772",0.23%,0.0233,23772.0,0.23
54,54,Qatar,213003000000.0,213.003 billion,1.19%,2979082,"$71,500",0.20%,0.011899999999999999,71500.0,0.2
55,55,Hungary,212389000000.0,212.389 billion,−0.91%,9686463,"$21,926",0.20%,-0.0091,21926.0,0.2
56,56,Ukraine,178757000000.0,178.757 billion,5.32%,37732836,"$4,737",0.17%,0.053200000000000004,4737.0,0.17
57,57,Kuwait,163705000000.0,163.705 billion,−3.64%,4838782,"$33,832",0.15%,-0.0364,33832.0,0.15
58,58,Ethiopia,163698000000.0,163.698 billion,6.5%,128691692,"$1,272",0.15%,0.065,1272.0,0.15
59,59,Morocco,144417000000.0,144.417 billion,3.4%,37712505,"$3,829",0.14%,0.034,3829.0,0.14
60,60,Slovakia,132908000000.0,132.908 billion,1.38%,5518055,"$24,086",0.13%,0.0138,24086.0,0.13
61,61,Dominican Republic,121444000000.0,121.444 billion,2.36%,11331265,"$10,718",0.11%,0.0236,10718.0,0.11
62,62,Ecuador,118845000000.0,118.845 billion,2.36%,17980083,"$6,610",0.11%,0.0236,6610.0,0.11
63,63,Sudan,109266000000.0,109.266 billion,−20.11%,50042791,"$2,183",0.10%,-0.2011,2183.0,0.1
64,64,Oman,108811000000.0,108.811 billion,1.31%,5049269,"$21,550",0.10%,0.0131,21550.0,0.1
65,65,Kenya,108039000000.0,108.039 billion,5.56%,55339003,"$1,952",0.10%,0.0556,1952.0,0.1
66,66,Guatemala,104450000000.0,104.45 billion,3.53%,18124838,"$5,763",0.098%,0.0353,5763.0,0.098
67,67,Bulgaria,102408000000.0,102.408 billion,1.89%,6795803,"$15,069",0.096%,0.0189,15069.0,0.096
68,68,Uzbekistan,101592000000.0,101.592 billion,6.29%,35652307,"$2,850",0.096%,0.0629,2850.0,0.096
69,69,Costa Rica,86497941439.0,86.498 billion,5.11%,5105525,"$16,942",0.081%,0.051100000000000007,16942.0,0.081
70,70,Luxembourg,85755006124.0,85.755 billion,−1.1%,665098,"$128,936",0.081%,-0.011000000000000001,128936.0,0.081
71,71,Angola,84824654482.0,84.825 billion,1%,36749906,"$2,308",0.080%,0.01,2308.0,0.08
72,72,Croatia,84393795502.0,84.394 billion,3.3%,3896023,"$21,662",0.079%,0.033,21662.0,0.079
73,73,Sri Lanka,84356863744.0,84.357 billion,−2.3%,22971617,"$3,672",0.079%,-0.023,3672.0,0.079
74,74,Panama,83318176900.0,83.318 billion,7.4%,4458759,"$18,686",0.078%,0.07400000000000001,18686.0,0.078
75,75,Serbia,81342660752.0,81.343 billion,3.85%,6773201,"$12,009",0.077%,0.0385,12009.0,0.077
76,76,Lithuania,79789877416.0,79.79 billion,0.34%,2854099,"$27,956",0.075%,0.0034000000000000002,27956.0,0.075
77,77,Tanzania,79062403821.0,79.062 billion,5.07%,66617606,"$1,187",0.074%,0.0507,1187.0,0.074
78,78,Côte d'Ivoire,78875489245.0,78.875 billion,6.2%,31165654,"$2,531",0.074%,0.062,2531.0,0.074
79,79,Uruguay,77240830877.0,77.241 billion,0.37%,3388081,"$22,798",0.073%,0.0037,22798.0,0.073
80,80,Ghana,76370396722.0,76.37 billion,2.94%,33787914,"$2,260",0.072%,0.0294,2260.0,0.072
81,81,Azerbaijan,72356176471.0,72.356 billion,1.12%,10318207,"$7,012",0.068%,0.011200000000000002,7012.0,0.068
82,82,Belarus,71857382746.0,71.857 billion,3.89%,9115680,"$7,883",0.068%,0.038900000000000004,7883.0,0.068
83,83,Slovenia,69148468417.0,69.148 billion,2.11%,2118396,"$32,642",0.065%,0.021099999999999997,32642.0,0.065
84,84,Myanmar,66757619000.0,66.758 billion,0.96%,54133798,"$1,233",0.063%,0.0096,1233.0,0.063
85,85,DR Congo,66383287003.0,66.383 billion,8.56%,105789731,$628,0.063%,0.08560000000000001,628.0,0.063
86,86,Turkmenistan,60628857143.0,60.629 billion,6.3%,7364438,"$8,233",0.057%,0.063,8233.0,0.057
87,87,Jordan,50967475352.0,50.967 billion,2.68%,11439213,"$4,456",0.048%,0.0268,4456.0,0.048
88,88,Cameroon,49279410983.0,49.279 billion,3.25%,28372687,"$1,737",0.046%,0.0325,1737.0,0.046
89,89,Uganda,48768955863.0,48.769 billion,5.34%,48656601,"$1,002",0.046%,0.053399999999999996,1002.0,0.046
90,90,Tunisia,48529595417.0,48.53 billion,0.04%,12200431,"$3,978",0.046%,0.0004,3978.0,0.046
91,91,Bahrain,46079867021.0,46.08 billion,2.98%,1569666,"$29,356",0.043%,0.0298,29356.0,0.043
92,92,Macao,45803067940.0,45.803 billion,75.06%,713912,"$64,158",0.043%,0.7506,64158.0,0.043
93,93,Bolivia,45135398009.0,45.135 billion,3.08%,12244159,"$3,686",0.043%,0.0308,3686.0,0.043
94,94,Libya,45096462972.0,45.096 billion,10.16%,7305659,"$6,173",0.042%,0.1016,6173.0,0.042
95,95,Paraguay,42956263544.0,42.956 billion,4.71%,6844146,"$6,276",0.040%,0.0471,6276.0,0.04
96,96,Cambodia,42335646896.0,42.336 billion,4.96%,17423880,"$2,430",0.040%,0.0496,2430.0,0.04
97,97,Latvia,42247850065.0,42.248 billion,1.71%,1882396,"$22,444",0.040%,0.0171,22444.0,0.04
98,98,Estonia,41291245222.0,41.291 billion,−3.02%,1367196,"$30,201",0.039%,-0.0302,30201.0,0.039
99,99,Nepal,40908073367.0,40.908 billion,1.95%,29694614,"$1,378",0.039%,0.0195,1378.0,0.039
100,100,Zimbabwe,35231367886.0,35.231 billion,5.34%,16340822,"$2,156",0.033%,0.053399999999999996,2156.0,0.033
101,101,Honduras,34400509852.0,34.401 billion,3.58%,10644851,"$3,232",0.032%,0.0358,3232.0,0.032
102,102,El Salvador,34015620000.0,34.016 billion,3.51%,6309624,"$5,391",0.032%,0.0351,5391.0,0.032
103,103,Cyprus,33886930712.0,33.887 billion,2.61%,1344976,"$25,195",0.032%,0.026099999999999998,25195.0,0.032
104,104,Iceland,31325116556.0,31.325 billion,5.04%,387558,"$80,827",0.030%,0.0504,80827.0,0.03
105,105,Senegal,30848333084.0,30.848 billion,4.58%,18077573,"$1,706",0.029%,0.0458,1706.0,0.029
106,106,Georgia,30777833585.0,30.778 billion,7.83%,3807492,"$8,083",0.029%,0.0783,8083.0,0.029
107,107,Papua New Guinea,30729242919.0,30.729 billion,3.04%,10389635,"$2,958",0.029%,0.0304,2958.0,0.029
108,108,Zambia,27577956471.0,27.578 billion,5.37%,20723965,"$1,331",0.026%,0.0537,1331.0,0.026
109,109,Bosnia and Herzegovina,27514782476.0,27.515 billion,2.21%,3185073,"$8,639",0.026%,0.022099999999999998,8639.0,0.026
110,110,Trinidad and Tobago,27372285698.0,27.372 billion,1.35%,1502932,"$18,213",0.026%,0.013500000000000002,18213.0,0.026
111,111,Armenia,24085749592.0,24.086 billion,8.3%,2943393,"$8,183",0.023%,0.083,8183.0,0.023
112,112,Albania,23547179830.0,23.547 billion,3.94%,2811655,"$8,375",0.022%,0.0394,8375.0,0.022
113,113,Malta,22328640242.0,22.329 billion,7.5%,532956,"$41,896",0.021%,0.075,41896.0,0.021
114,114,Guinea,22199409741.0,22.199 billion,6.74%,14405468,"$1,541",0.021%,0.0674,1541.0,0.021
115,115,Mozambique,20954220984.0,20.954 billion,5.44%,33635160,$623,0.020%,0.054400000000000004,623.0,0.02
116,116,Mali,20661794596.0,20.662 billion,4.66%,23769127,$869,0.019%,0.0466,869.0,0.019
117,117,Mongolia,20325121394.0,20.325 billion,7.42%,3431932,"$5,922",0.019%,0.0742,5922.0,0.019
118,118,Burkina Faso,20324617845.0,20.325 billion,2.96%,23025776,$883,0.019%,0.0296,883.0,0.019
119,119,Haiti,19850829758.0,19.851 billion,−1.86%,11637398,"$1,706",0.019%,-0.018600000000000002,1706.0,0.019
120,120,Benin,19676049076.0,19.676 billion,6.35%,14111034,"$1,394",0.019%,0.0635,1394.0,0.019
121,121,Jamaica,19423355409.0,19.423 billion,2.2%,2839786,"$6,840",0.018%,0.022000000000000002,6840.0,0.018
122,122,Botswana,19396084498.0,19.396 billion,2.73%,2480244,"$7,820",0.018%,0.0273,7820.0,0.018
123,123,Gabon,19388402542.0,19.388 billion,2.45%,2484789,"$7,803",0.018%,0.0245,7803.0,0.018
124,124,Nicaragua,17829218219.0,17.829 billion,4.57%,6823613,"$2,613",0.017%,0.045700000000000005,2613.0,0.017
125,125,State of Palestine,17420800000.0,17.421 billion,−5.41%,5409202,"$3,221",0.016%,-0.0541,3221.0,0.016
126,126,Afghanistan,17233051620.0,17.233 billion,2.71%,41454761,$416,0.016%,0.0271,416.0,0.016
127,127,Guyana,17159509565.0,17.16 billion,33.8%,826353,"$20,765",0.016%,0.33799999999999997,20765.0,0.016
128,128,Niger,16819170421.0,16.819 billion,2.5%,26159867,$643,0.016%,0.025,643.0,0.016
129,129,Moldova,16539436547.0,16.539 billion,0.78%,3067070,"$5,393",0.016%,0.0078000000000000005,5393.0,0.016
130,130,Laos,15843155731.0,15.843 billion,3.75%,7664993,"$2,067",0.015%,0.0375,2067.0,0.015
131,131,Madagascar,15790113247.0,15.79 billion,3.8%,31195932,$506,0.015%,0.038,506.0,0.015
132,132,North Macedonia,15763621848.0,15.764 billion,2.07%,1831802,"$8,606",0.015%,0.0207,8606.0,0.015
133,133,Congo,15321055823.0,15.321 billion,1.91%,6182885,"$2,478",0.014%,0.0191,2478.0,0.014
134,134,Brunei,15128292981.0,15.128 billion,1.41%,458949,"$32,963",0.014%,0.0141,32963.0,0.014
135,135,Mauritius,14644524819.0,14.645 billion,6.96%,1273588,"$11,499",0.014%,0.0696,11499.0,0.014
136,136,Bahamas,14338500000.0,14.338 billion,2.64%,399440,"$35,897",0.014%,0.0264,35897.0,0.014
137,137,Rwanda,14097768472.0,14.098 billion,8.24%,13954471,"$1,010",0.013%,0.0824,1010.0,0.013
138,138,Kyrgyzstan,13987627909.0,13.988 billion,6.15%,7073516,"$1,977",0.013%,0.061500000000000006,1977.0,0.013
139,139,Chad,13149325362.0,13.149 billion,4.12%,19319064,$681,0.012%,0.0412,681.0,0.012
140,140,Malawi,12712150082.0,12.712 billion,1.89%,21104482,$602,0.012%,0.0189,602.0,0.012
141,141,Namibia,12351025067.0,12.351 billion,4.16%,2963095,"$4,168",0.012%,0.0416,4168.0,0.012
142,142,Equatorial Guinea,12337550584.0,12.338 billion,−5.09%,1847549,"$6,678",0.012%,-0.0509,6678.0,0.012
143,143,Tajikistan,12060602009.0,12.061 billion,8.3%,10389799,"$1,161",0.011%,0.083,1161.0,0.011
144,144,Mauritania,10651709411.0,10.652 billion,6.51%,5022441,"$2,121",0.010%,0.06509999999999999,2121.0,0.01
145,145,Togo,9171261838.0,9.171 billion,6.41%,9304337,$986,0.0086%,0.0641,986.0,0.0086
146,146,Montenegro,7530593375.0,7.531 billion,6.34%,633552,"$11,886",0.0071%,0.0634,11886.0,0.0071
147,147,Barbados,6720733200.0,6.721 billion,4.09%,282336,"$23,804",0.0063%,0.0409,23804.0,0.0063
148,148,Maldives,6590894302.0,6.591 billion,4.73%,525994,"$12,530",0.0062%,0.0473,12530.0,0.0062
149,149,Sierra Leone,6411869546.0,6.412 billion,5.71%,8460512,$758,0.0060%,0.0571,758.0,0.006
150,150,Fiji,5442046565.0,5.442 billion,7.52%,924145,"$5,889",0.0051%,0.07519999999999999,5889.0,0.0051
151,151,Eswatini,4442875788.0,4.443 billion,5.01%,1230506,"$3,611",0.0042%,0.0501,3611.0,0.0042
152,152,Liberia,4240000000.0,4.24 billion,4.68%,5493031,$772,0.0040%,0.046799999999999994,772.0,0.004
153,153,Andorra,3785067332.0,3.785 billion,2.58%,80856,"$46,812",0.0036%,0.0258,46812.0,0.0036
154,154,Aruba,3648573136.0,3.649 billion,4.26%,107939,"$33,802",0.0034%,0.0426,33802.0,0.0034
155,155,Suriname,3455146281.0,3.455 billion,2.54%,628886,"$5,494",0.0033%,0.0254,5494.0,0.0033
156,156,Belize,3066850000.0,3.067 billion,1.15%,411106,"$7,460",0.0029%,0.0115,7460.0,0.0029
157,157,Burundi,2642161669.0,2.642 billion,2.7%,13689450,$193,0.0025%,0.027000000000000003,193.0,0.0025
158,158,Central African Republic,2555492085.0,2.555 billion,0.87%,5152421,$496,0.0024%,0.0087,496.0,0.0024
159,159,Cabo Verde,2533819406.0,2.534 billion,5.48%,522331,"$4,851",0.0024%,0.0548,4851.0,0.0024
160,160,Saint Lucia,2430148148.0,2.43 billion,2.21%,179285,"$13,555",0.0023%,0.022099999999999998,13555.0,0.0023
161,161,Gambia,2396111022.0,2.396 billion,4.8%,2697845,$888,0.0023%,0.048,888.0,0.0023
162,162,Seychelles,2141450171.0,2.141 billion,3.16%,127951,"$16,736",0.0020%,0.0316,16736.0,0.002
163,163,Lesotho,2117962451.0,2.118 billion,1.83%,2311472,$916,0.0020%,0.0183,916.0,0.002
164,164,Timor-Leste,2079916900.0,2.08 billion,−18.12%,1384286,"$1,503",0.0020%,-0.1812,1503.0,0.002
165,165,Guinea-Bissau,2048348108.0,2.048 billion,5.2%,2153339,$951,0.0019%,0.052000000000000005,951.0,0.0019
166,166,Antigua and Barbuda,2033085185.0,2.033 billion,3.86%,93316,"$21,787",0.0019%,0.038599999999999995,21787.0,0.0019
167,167,Solomon Islands,1633319401.0,1.633 billion,3.08%,800005,"$2,042",0.0015%,0.0308,2042.0,0.0015
168,168,Comoros,1352380971.0,1.352 billion,3%,850387,"$1,590",0.0013%,0.03,1590.0,0.0013
169,169,Grenada,1316733333.0,1.317 billion,3.57%,117081,"$11,246",0.0012%,0.035699999999999996,11246.0,0.0012
170,170,Vanuatu,1126313359.0,1.126 billion,2.21%,320409,"$3,515",0.0011%,0.022099999999999998,3515.0,0.0011
171,171,St. Vincent & Grenadines,1065962963.0,1.066 billion,6.02%,101323,"$10,520",0.0010%,0.0602,10520.0,0.001
172,172,Saint Kitts & Nevis,1055499778.0,1.055 billion,2.28%,46758,"$22,574",0.00099%,0.022799999999999997,22574.0,0.00099
173,173,Samoa,938189444.0,938.189 million,8.58%,216663,"$4,330",0.00088%,0.0858,4330.0,0.00088
174,174,Sao Tome & Principe,678976265.0,678.976 million,0.37%,230871,"$2,941",0.00064%,0.0037,2941.0,0.00064
175,175,Dominica,653992593.0,653.993 million,4.71%,66510,"$9,833",0.00062%,0.0471,9833.0,0.00062
176,176,Micronesia,460000000.0,460 million,0.78%,112630,"$4,084",0.00043%,0.0078000000000000005,4084.0,0.00043
177,177,Palau,281849063.0,281.849 million,1.88%,17727,"$15,899",0.00027%,0.018799999999999997,15899.0,0.00027
178,178,Kiribati,279208903.0,279.209 million,4.12%,132530,"$2,107",0.00026%,0.0412,2107.0,0.00026
179,179,Marshall Islands,259300000.0,259.3 million,−3.93%,38827,"$6,678",0.00024%,-0.0393,6678.0,0.00024
180,180,Tuvalu,62280312.0,62.28 million,3.85%,9816,"$6,345",0.000059%,0.0385,6345.0,5.9e-05
