credit_id,client_id,amount,duration,status,collateral_type,collateral_value
CR_1,89,1000.0,60,Default,Real Estate,944.49
CR_2,638,50000.0,12,Closed,Car,72122.15
CR_3,293,500.0,12,Active,None,0.0
CR_4,951,50000.0,12,Default,Real Estate,47439.2
CR_5,750,50000.0,60,Default,Real Estate,28438.96
CR_6,399,500.0,60,Active,None,0.0
CR_7,54,5000.0,60,Active,None,0.0
CR_8,938,10000.0,24,Closed,Real Estate,11906.62
CR_9,967,50000.0,36,Default,Deposit,56508.17
CR_10,760,50000.0,6,Closed,None,0.0
CR_11,568,500.0,12,Closed,None,0.0
CR_12,25,,36,Active,Real Estate,0.0
CR_13,821,10000.0,12,Default,None,0.0
CR_14,342,10000.0,6,Default,Deposit,9397.33
CR_15,334,1000.0,36,Default,Deposit,1122.58
CR_16,935,1000.0,12,Default,Deposit,1106.13
CR_17,275,500.0,6,Closed,Deposit,504.95
CR_18,282,10000.0,36,Closed,None,0.0
CR_19,925,,60,Closed,None,0.0
CR_20,834,5000.0,6,Active,None,0.0
CR_21,571,,60,Closed,None,0.0
CR_22,949,1000.0,24,Default,Deposit,1144.85
CR_23,882,1000.0,24,Active,None,0.0
CR_24,60,,12,Default,Deposit,0.0
CR_25,468,5000.0,6,Closed,Car,5987.03
CR_26,764,,36,Default,None,0.0
CR_27,62,25000.0,24,Default,Real Estate,25400.94
CR_28,328,50000.0,60,Default,Real Estate,42595.14
CR_29,963,,12,Closed,Car,0.0
CR_30,22,50000.0,6,Default,Deposit,52447.8
CR_31,478,25000.0,60,Active,Car,34763.3
CR_32,713,1000.0,24,Default,Car,1450.36
CR_33,854,5000.0,60,Default,Car,3046.79
CR_34,471,1000.0,6,Active,Real Estate,1399.88
CR_35,18,25000.0,36,Default,Car,20382.07
CR_36,154,50000.0,12,Active,None,0.0
CR_37,479,,12,Default,Deposit,0.0
CR_38,83,25000.0,24,Default,Deposit,25127.78
CR_39,685,10000.0,60,Closed,Deposit,12443.82
CR_40,255,1000.0,12,Closed,Real Estate,969.9
CR_41,136,25000.0,24,Active,None,0.0
CR_42,676,25000.0,36,Default,Car,19883.9
CR_43,687,,6,Active,Deposit,0.0
CR_44,303,5000.0,36,Active,Deposit,2939.67
CR_45,196,500.0,60,Closed,Car,589.83
CR_46,98,,6,Closed,None,0.0
CR_47,515,500.0,60,Default,Deposit,261.86
CR_48,959,25000.0,12,Closed,Real Estate,27097.69
CR_49,569,500.0,36,Active,Car,662.2
CR_50,666,500.0,36,Default,Real Estate,594.66
CR_51,750,5000.0,36,Closed,None,0.0
CR_52,121,10000.0,60,Active,Real Estate,13620.89
CR_53,244,25000.0,12,Active,Real Estate,14018.96
CR_54,550,10000.0,36,Active,None,0.0
CR_55,121,,60,Closed,None,0.0
CR_56,179,25000.0,60,Closed,Car,30315.87
CR_57,792,5000.0,6,Closed,Car,4414.45
CR_58,813,25000.0,12,Active,Real Estate,34172.37
CR_59,150,,36,Active,Deposit,0.0
CR_60,685,25000.0,24,Closed,Real Estate,30288.81
CR_61,403,,60,Active,None,0.0
CR_62,528,500.0,60,Default,Deposit,569.3
CR_63,34,500.0,6,Active,Car,731.22
CR_64,443,500.0,60,Default,Real Estate,253.97
CR_65,855,25000.0,12,Active,None,0.0
CR_66,895,5000.0,6,Active,Real Estate,3877.6
CR_67,305,10000.0,12,Closed,Real Estate,13531.42
CR_68,902,10000.0,24,Active,Real Estate,9910.57
CR_69,392,,6,Default,Real Estate,0.0
CR_70,546,,60,Default,Deposit,0.0
CR_71,68,5000.0,6,Active,Deposit,4227.07
CR_72,895,,60,Default,Car,0.0
CR_73,118,10000.0,36,Default,Deposit,7086.12
CR_74,37,50000.0,24,Closed,Deposit,54597.35
CR_75,134,25000.0,60,Closed,Deposit,15099.9
CR_76,404,50000.0,12,Default,None,0.0
CR_77,166,1000.0,60,Closed,Real Estate,1386.85
CR_78,599,5000.0,60,Default,Deposit,7113.71
CR_79,403,1000.0,60,Closed,Car,1069.79
CR_80,107,5000.0,24,Default,Real Estate,5251.99
CR_81,240,500.0,36,Closed,Deposit,749.52
CR_82,920,25000.0,60,Active,Real Estate,26608.11
CR_83,590,1000.0,24,Active,Car,1086.32
CR_84,655,5000.0,24,Active,Deposit,4952.7
CR_85,743,5000.0,12,Default,Deposit,4350.17
CR_86,404,25000.0,60,Active,None,0.0
CR_87,431,500.0,12,Default,Car,444.79
CR_88,839,,6,Closed,Car,0.0
CR_89,979,500.0,24,Active,Car,374.57
CR_90,358,1000.0,6,Active,Car,505.84
CR_91,264,50000.0,24,Default,Deposit,74817.16
CR_92,18,1000.0,36,Default,None,0.0
CR_93,800,50000.0,12,Active,Real Estate,67370.25
CR_94,622,1000.0,6,Active,Car,1447.3
CR_95,645,,24,Active,None,0.0
CR_96,470,1000.0,6,Closed,None,0.0
CR_97,52,50000.0,24,Default,Real Estate,29468.55
CR_98,689,5000.0,6,Active,Car,6935.5
CR_99,351,5000.0,6,Default,None,0.0
CR_100,667,500.0,12,Active,Real Estate,516.19
CR_101,578,25000.0,36,Default,Car,14817.39
CR_102,2,50000.0,6,Closed,Deposit,51930.8
CR_103,995,5000.0,6,Default,None,0.0
CR_104,684,25000.0,24,Active,Car,14217.99
CR_105,746,50000.0,6,Active,Deposit,38660.63
CR_106,57,50000.0,6,Closed,Real Estate,60421.28
CR_107,303,25000.0,12,Active,Real Estate,22274.5
CR_108,908,1000.0,36,Active,Car,947.68
CR_109,384,500.0,12,Closed,None,0.0
CR_110,677,5000.0,60,Active,Car,7464.68
CR_111,1000,5000.0,6,Closed,Real Estate,7312.28
CR_112,907,50000.0,60,Active,Deposit,27198.75
CR_113,576,,60,Closed,Car,0.0
CR_114,844,5000.0,60,Default,Deposit,2527.01
CR_115,430,500.0,60,Active,Deposit,367.91
CR_116,623,10000.0,24,Active,Car,12645.27
CR_117,470,500.0,12,Active,Deposit,623.37
CR_118,814,500.0,60,Default,Car,711.0
CR_119,509,50000.0,24,Active,Real Estate,73999.17
CR_120,219,50000.0,12,Active,Car,69165.71
CR_121,91,1000.0,6,Closed,Car,675.01
CR_122,643,1000.0,24,Default,Car,600.2
CR_123,157,10000.0,6,Active,Real Estate,8058.16
CR_124,562,,24,Default,Car,0.0
CR_125,318,50000.0,12,Default,None,0.0
CR_126,533,25000.0,12,Default,Car,21398.9
CR_127,468,50000.0,60,Default,Real Estate,71111.66
CR_128,94,25000.0,36,Closed,None,0.0
CR_129,677,5000.0,6,Closed,None,0.0
CR_130,897,,6,Closed,Car,0.0
CR_131,296,50000.0,12,Closed,Deposit,32420.81
CR_132,810,10000.0,24,Closed,Deposit,13333.94
CR_133,740,10000.0,36,Closed,Car,8983.3
CR_134,824,500.0,60,Default,None,0.0
CR_135,194,500.0,24,Closed,Deposit,382.36
CR_136,6,1000.0,60,Default,Deposit,595.63
CR_137,351,10000.0,6,Active,None,0.0
CR_138,236,25000.0,24,Closed,None,0.0
CR_139,402,25000.0,36,Active,None,0.0
CR_140,147,,60,Closed,Car,0.0
CR_141,813,,36,Closed,None,0.0
CR_142,990,500.0,60,Default,Car,423.92
CR_143,643,500.0,12,Closed,Deposit,358.29
CR_144,881,10000.0,12,Active,Deposit,13097.28
CR_145,839,10000.0,12,Active,Deposit,11889.96
CR_146,851,5000.0,24,Closed,Car,3388.14
CR_147,351,50000.0,12,Closed,Deposit,34554.25
CR_148,263,500.0,60,Default,Real Estate,410.78
CR_149,762,5000.0,24,Closed,None,0.0
CR_150,130,50000.0,6,Default,Car,41543.58
CR_151,585,5000.0,36,Closed,None,0.0
CR_152,790,500.0,36,Closed,None,0.0
CR_153,485,,24,Closed,None,0.0
CR_154,561,50000.0,24,Active,None,0.0
CR_155,223,5000.0,36,Default,Car,6634.32
CR_156,840,10000.0,24,Closed,Car,14224.92
CR_157,947,10000.0,6,Active,Deposit,6895.89
CR_158,555,,36,Active,None,0.0
CR_159,766,5000.0,12,Active,Deposit,7090.24
CR_160,255,10000.0,36,Active,Deposit,13090.14
CR_161,710,,36,Default,Car,0.0
CR_162,258,50000.0,24,Default,Real Estate,48537.78
CR_163,179,50000.0,36,Active,Deposit,68010.3
CR_164,817,10000.0,12,Active,Car,10009.47
CR_165,961,25000.0,12,Default,None,0.0
CR_166,100,500.0,12,Default,Deposit,734.73
CR_167,22,500.0,12,Closed,Deposit,295.24
CR_168,10,10000.0,24,Active,Car,12064.8
CR_169,937,500.0,6,Default,Car,632.36
CR_170,125,5000.0,6,Closed,Car,6730.92
CR_171,784,25000.0,12,Active,Deposit,21327.81
CR_172,86,25000.0,12,Default,Deposit,16988.77
CR_173,544,25000.0,36,Closed,Deposit,21291.81
CR_174,628,500.0,12,Default,Deposit,456.76
CR_175,906,5000.0,6,Active,Real Estate,5332.67
CR_176,103,25000.0,12,Active,Deposit,35353.0
CR_177,807,25000.0,6,Active,Real Estate,16346.69
CR_178,90,25000.0,12,Closed,None,0.0
CR_179,998,25000.0,12,Closed,Real Estate,22080.98
CR_180,562,1000.0,24,Default,Car,1272.71
CR_181,144,50000.0,60,Active,Car,42327.59
CR_182,10,50000.0,60,Closed,Deposit,32688.99
CR_183,838,5000.0,6,Default,Car,5850.7
CR_184,249,5000.0,36,Active,Car,6405.68
CR_185,879,25000.0,24,Active,Car,24244.86
CR_186,988,500.0,6,Active,Car,497.54
CR_187,790,25000.0,6,Closed,Deposit,12714.11
CR_188,855,5000.0,60,Closed,Deposit,3672.39
CR_189,804,1000.0,36,Default,None,0.0
CR_190,640,5000.0,24,Closed,Real Estate,3527.82
CR_191,910,10000.0,24,Active,None,0.0
CR_192,852,10000.0,6,Default,Deposit,9141.04
CR_193,196,10000.0,12,Active,Deposit,12065.5
CR_194,563,25000.0,36,Default,Car,30289.52
CR_195,121,500.0,24,Active,Deposit,393.08
CR_196,576,1000.0,12,Closed,Real Estate,1379.67
CR_197,499,5000.0,12,Closed,None,0.0
CR_198,861,10000.0,24,Default,Real Estate,12177.58
CR_199,437,500.0,6,Default,Real Estate,354.28
CR_200,963,10000.0,36,Active,None,0.0
CR_201,274,5000.0,60,Default,Deposit,7126.08
CR_202,239,500.0,60,Default,Real Estate,622.81
CR_203,602,1000.0,24,Active,None,0.0
CR_204,931,5000.0,36,Closed,None,0.0
CR_205,886,25000.0,6,Closed,None,0.0
CR_206,531,25000.0,60,Default,Real Estate,14216.97
CR_207,229,500.0,36,Default,Deposit,325.85
CR_208,368,10000.0,60,Closed,None,0.0
CR_209,341,50000.0,60,Active,Deposit,33834.11
CR_210,792,25000.0,12,Active,Deposit,13184.67
CR_211,39,500.0,36,Closed,Deposit,287.21
CR_212,781,5000.0,36,Active,Real Estate,3667.44
CR_213,522,,12,Closed,None,0.0
CR_214,753,25000.0,60,Closed,None,0.0
CR_215,356,10000.0,12,Active,Car,13210.56
CR_216,203,5000.0,6,Default,None,0.0
CR_217,969,,6,Default,Real Estate,0.0
CR_218,83,5000.0,24,Active,None,0.0
CR_219,743,5000.0,12,Default,Car,6041.08
CR_220,822,10000.0,36,Default,Deposit,10106.29
CR_221,261,5000.0,6,Default,Real Estate,4853.49
CR_222,223,25000.0,6,Active,Real Estate,35933.61
CR_223,499,50000.0,6,Active,None,0.0
CR_224,525,,24,Active,Car,0.0
CR_225,973,10000.0,12,Active,Car,13338.53
CR_226,786,500.0,24,Active,Car,252.39
CR_227,820,500.0,6,Closed,Real Estate,635.25
CR_228,169,5000.0,6,Active,Car,6000.65
CR_229,909,25000.0,24,Active,Car,28586.09
CR_230,998,1000.0,60,Default,Deposit,1039.8
CR_231,801,500.0,12,Closed,Real Estate,730.71
CR_232,671,50000.0,60,Default,Car,46732.38
CR_233,11,500.0,24,Default,None,0.0
CR_234,611,25000.0,24,Closed,None,0.0
CR_235,824,1000.0,12,Default,Car,1480.08
CR_236,279,25000.0,12,Closed,Real Estate,17063.02
CR_237,928,50000.0,60,Active,Deposit,25459.01
CR_238,259,500.0,12,Active,Car,633.97
CR_239,223,25000.0,24,Closed,Deposit,37253.84
CR_240,320,,12,Default,Deposit,0.0
CR_241,284,1000.0,24,Closed,Car,1191.14
CR_242,496,1000.0,12,Default,None,0.0
CR_243,455,50000.0,6,Active,Car,64683.03
CR_244,216,1000.0,60,Closed,Real Estate,600.73
CR_245,334,1000.0,36,Active,Deposit,1436.95
CR_246,413,50000.0,36,Closed,Car,52790.57
CR_247,676,50000.0,36,Active,Car,73685.62
CR_248,182,500.0,24,Active,None,0.0
CR_249,360,25000.0,24,Default,Real Estate,22442.45
CR_250,964,5000.0,12,Closed,Car,7245.54
CR_251,511,50000.0,36,Closed,Deposit,63703.35
CR_252,348,10000.0,12,Active,None,0.0
CR_253,109,1000.0,24,Active,Real Estate,1123.6
CR_254,540,10000.0,6,Closed,Deposit,8292.63
CR_255,376,500.0,24,Default,None,0.0
CR_256,876,5000.0,36,Active,Car,3139.54
CR_257,16,1000.0,36,Closed,Real Estate,731.76
CR_258,956,25000.0,12,Closed,None,0.0
CR_259,723,50000.0,12,Closed,Real Estate,49729.97
CR_260,541,1000.0,24,Active,Real Estate,1474.88
CR_261,444,50000.0,60,Default,None,0.0
CR_262,301,,24,Default,Real Estate,0.0
CR_263,647,50000.0,60,Default,None,0.0
CR_264,343,5000.0,6,Closed,None,0.0
CR_265,404,5000.0,36,Closed,None,0.0
CR_266,861,500.0,6,Closed,Deposit,670.97
CR_267,138,1000.0,36,Closed,Car,645.14
CR_268,3,1000.0,60,Closed,None,0.0
CR_269,440,500.0,6,Closed,Real Estate,490.22
CR_270,752,500.0,6,Active,Car,627.38
CR_271,173,1000.0,12,Default,None,0.0
CR_272,617,25000.0,60,Closed,Real Estate,23259.74
CR_273,912,5000.0,12,Default,Real Estate,4920.41
CR_274,864,10000.0,60,Closed,Deposit,5236.35
CR_275,368,50000.0,6,Active,Car,57904.02
CR_276,311,1000.0,12,Closed,Real Estate,619.61
CR_277,545,5000.0,60,Active,Real Estate,2503.31
CR_278,148,1000.0,6,Active,Real Estate,1128.07
CR_279,740,1000.0,24,Default,None,0.0
CR_280,267,50000.0,6,Default,None,0.0
CR_281,702,10000.0,36,Active,None,0.0
CR_282,167,1000.0,36,Default,None,0.0
CR_283,329,10000.0,6,Closed,None,0.0
CR_284,185,1000.0,6,Active,Real Estate,1263.88
CR_285,629,,12,Active,Real Estate,0.0
CR_286,265,50000.0,60,Default,Deposit,53456.52
CR_287,966,5000.0,36,Active,Real Estate,7037.24
CR_288,869,25000.0,36,Closed,Car,17017.35
CR_289,987,1000.0,6,Default,Deposit,926.51
CR_290,54,,24,Active,None,0.0
CR_291,295,1000.0,60,Active,Car,889.29
CR_292,622,500.0,24,Default,None,0.0
CR_293,167,,12,Active,Deposit,0.0
CR_294,940,1000.0,6,Closed,Car,1490.36
CR_295,821,25000.0,6,Default,Deposit,31136.96
CR_296,544,1000.0,60,Default,Deposit,1093.78
CR_297,216,10000.0,60,Active,None,0.0
CR_298,287,50000.0,6,Active,Car,52086.24
CR_299,458,50000.0,60,Default,None,0.0
CR_300,829,25000.0,6,Default,Real Estate,27550.86
CR_301,889,1000.0,36,Active,Real Estate,669.68
CR_302,899,1000.0,6,Active,None,0.0
CR_303,926,50000.0,6,Active,Real Estate,33521.06
CR_304,680,50000.0,24,Active,Real Estate,27894.07
CR_305,261,50000.0,6,Active,Deposit,71682.04
CR_306,3,50000.0,24,Active,Real Estate,33388.26
CR_307,574,5000.0,36,Active,None,0.0
CR_308,77,500.0,6,Closed,Car,272.77
CR_309,620,,36,Closed,None,0.0
CR_310,964,25000.0,36,Closed,Real Estate,29795.2
CR_311,27,1000.0,24,Active,None,0.0
CR_312,212,5000.0,24,Active,Car,6509.81
CR_313,149,50000.0,36,Active,Real Estate,62582.6
CR_314,38,10000.0,6,Default,Car,9614.88
CR_315,286,5000.0,60,Default,Real Estate,4383.18
CR_316,313,5000.0,36,Default,Car,6293.04
CR_317,437,,6,Closed,None,0.0
CR_318,262,500.0,36,Default,Car,592.43
CR_319,696,5000.0,60,Closed,Car,4264.32
CR_320,257,5000.0,6,Default,None,0.0
CR_321,512,50000.0,60,Default,Real Estate,69100.04
CR_322,861,5000.0,36,Default,Deposit,4396.7
CR_323,762,,60,Default,None,0.0
CR_324,319,10000.0,6,Closed,Car,7268.95
CR_325,197,50000.0,12,Active,None,0.0
CR_326,825,10000.0,12,Closed,None,0.0
CR_327,665,10000.0,60,Closed,Car,6468.14
CR_328,396,50000.0,60,Active,Deposit,33486.1
CR_329,860,1000.0,24,Active,Real Estate,1264.71
CR_330,146,50000.0,60,Default,Deposit,40632.12
CR_331,641,,24,Active,Deposit,0.0
CR_332,645,,12,Active,None,0.0
CR_333,786,5000.0,24,Closed,None,0.0
CR_334,927,,60,Default,Real Estate,0.0
CR_335,150,50000.0,24,Closed,Car,50336.4
CR_336,255,50000.0,6,Active,Car,51633.06
CR_337,63,1000.0,36,Active,Real Estate,1161.9
CR_338,282,50000.0,12,Active,Car,57326.47
CR_339,862,5000.0,6,Closed,Real Estate,3892.47
CR_340,163,500.0,60,Active,None,0.0
CR_341,326,1000.0,36,Closed,Car,1257.8
CR_342,301,50000.0,36,Active,Car,58417.84
CR_343,710,500.0,36,Closed,Car,428.72
CR_344,372,10000.0,36,Active,Deposit,13151.76
CR_345,151,25000.0,60,Active,Deposit,27389.38
CR_346,847,50000.0,60,Closed,None,0.0
CR_347,449,,6,Active,Real Estate,0.0
CR_348,309,1000.0,6,Active,Real Estate,713.82
CR_349,212,10000.0,12,Active,Deposit,8890.17
CR_350,516,10000.0,6,Closed,Real Estate,11070.91
CR_351,552,50000.0,60,Default,Car,53766.62
CR_352,454,500.0,60,Active,Real Estate,664.1
CR_353,459,10000.0,36,Default,Car,10847.8
CR_354,407,50000.0,12,Default,Deposit,28081.26
CR_355,942,5000.0,12,Active,Real Estate,3436.51
CR_356,720,50000.0,12,Closed,Real Estate,71977.27
CR_357,843,500.0,12,Closed,Car,670.64
CR_358,895,50000.0,36,Default,Deposit,49664.99
CR_359,228,1000.0,12,Default,Real Estate,964.54
CR_360,150,1000.0,60,Active,Car,562.33
CR_361,882,50000.0,36,Default,Deposit,33512.69
CR_362,951,10000.0,36,Default,Car,12362.33
CR_363,955,500.0,12,Active,Real Estate,285.12
CR_364,347,10000.0,36,Default,Deposit,12955.48
CR_365,863,5000.0,24,Default,None,0.0
CR_366,816,25000.0,60,Active,Car,27956.64
CR_367,551,500.0,60,Closed,Real Estate,293.92
CR_368,348,500.0,36,Closed,Deposit,349.55
CR_369,319,25000.0,36,Active,Car,23868.74
CR_370,628,1000.0,36,Active,Deposit,1328.16
CR_371,172,25000.0,6,Default,None,0.0
CR_372,294,10000.0,60,Closed,Car,12518.64
CR_373,934,500.0,24,Active,Real Estate,444.77
CR_374,590,25000.0,6,Active,Real Estate,34564.58
CR_375,120,10000.0,60,Closed,None,0.0
CR_376,989,1000.0,6,Active,None,0.0
CR_377,63,10000.0,12,Active,Real Estate,5447.86
CR_378,38,5000.0,60,Closed,None,0.0
CR_379,521,50000.0,24,Closed,None,0.0
CR_380,890,10000.0,12,Closed,Real Estate,14501.04
CR_381,519,50000.0,60,Default,Car,56374.29
CR_382,714,50000.0,12,Active,Deposit,67281.63
CR_383,908,5000.0,60,Active,Car,4229.21
CR_384,201,10000.0,6,Active,Real Estate,6777.71
CR_385,921,25000.0,24,Active,None,0.0
CR_386,672,500.0,12,Default,Car,430.62
CR_387,689,25000.0,24,Default,Deposit,29283.89
CR_388,807,25000.0,6,Closed,None,0.0
CR_389,991,500.0,12,Default,Car,710.51
CR_390,280,10000.0,60,Closed,None,0.0
CR_391,580,25000.0,12,Closed,Deposit,33110.55
CR_392,677,25000.0,12,Active,Car,29923.68
CR_393,785,1000.0,6,Active,None,0.0
CR_394,821,50000.0,36,Default,None,0.0
CR_395,813,1000.0,12,Closed,Real Estate,586.67
CR_396,581,500.0,60,Closed,Real Estate,340.52
CR_397,35,5000.0,6,Default,Car,5207.29
CR_398,942,25000.0,60,Closed,None,0.0
CR_399,492,500.0,24,Default,Real Estate,415.68
CR_400,827,10000.0,60,Default,Real Estate,10251.02
CR_401,174,500.0,6,Default,None,0.0
CR_402,508,1000.0,60,Closed,None,0.0
CR_403,83,500.0,36,Active,None,0.0
CR_404,296,1000.0,36,Default,Car,1390.53
CR_405,702,1000.0,24,Default,Real Estate,1497.23
CR_406,431,1000.0,12,Closed,None,0.0
CR_407,147,,24,Closed,Deposit,0.0
CR_408,657,50000.0,36,Default,Deposit,36551.38
CR_409,803,,12,Closed,Car,0.0
CR_410,644,,60,Default,Car,0.0
CR_411,850,1000.0,12,Active,Deposit,1480.87
CR_412,134,25000.0,24,Default,None,0.0
CR_413,236,10000.0,60,Default,Deposit,11103.87
CR_414,609,1000.0,60,Active,Car,981.93
CR_415,968,5000.0,36,Closed,Real Estate,2667.94
CR_416,666,50000.0,60,Active,Deposit,56154.71
CR_417,15,500.0,36,Active,None,0.0
CR_418,52,1000.0,24,Default,Real Estate,582.81
CR_419,226,1000.0,24,Active,Real Estate,1220.99
CR_420,631,,12,Active,None,0.0
CR_421,750,1000.0,36,Closed,Real Estate,963.97
CR_422,12,5000.0,12,Default,Real Estate,3292.45
CR_423,521,5000.0,60,Closed,Deposit,4719.61
CR_424,265,10000.0,36,Closed,Car,5510.05
CR_425,967,50000.0,36,Closed,None,0.0
CR_426,187,5000.0,6,Closed,None,0.0
CR_427,207,,6,Closed,None,0.0
CR_428,121,10000.0,6,Default,Car,10767.62
CR_429,265,,24,Closed,Real Estate,0.0
CR_430,398,1000.0,6,Closed,Deposit,1426.12
CR_431,598,1000.0,36,Default,Real Estate,626.28
CR_432,189,500.0,24,Active,Deposit,519.89
CR_433,848,1000.0,36,Default,Deposit,1364.6
CR_434,558,1000.0,36,Active,Real Estate,587.95
CR_435,786,500.0,12,Closed,Deposit,714.45
CR_436,606,10000.0,6,Default,None,0.0
CR_437,289,50000.0,36,Default,Car,54144.18
CR_438,122,,24,Default,Deposit,0.0
CR_439,991,10000.0,6,Default,Deposit,7621.16
CR_440,67,50000.0,36,Active,Deposit,66915.38
CR_441,69,500.0,24,Default,Deposit,577.68
CR_442,804,1000.0,60,Default,None,0.0
CR_443,91,50000.0,12,Active,None,0.0
CR_444,587,1000.0,36,Default,Deposit,1377.87
CR_445,896,50000.0,36,Active,Deposit,51374.49
CR_446,860,5000.0,36,Closed,Real Estate,4896.88
CR_447,456,25000.0,6,Active,None,0.0
CR_448,873,,12,Default,None,0.0
CR_449,979,50000.0,12,Closed,Car,69550.33
CR_450,428,500.0,12,Closed,Deposit,650.67
CR_451,799,50000.0,24,Active,Real Estate,27825.96
CR_452,949,25000.0,36,Closed,Real Estate,22843.23
CR_453,345,25000.0,60,Default,Real Estate,34601.25
CR_454,746,,60,Closed,Real Estate,0.0
CR_455,613,500.0,6,Active,None,0.0
CR_456,249,10000.0,24,Closed,Car,13156.11
CR_457,352,500.0,24,Closed,Real Estate,364.07
CR_458,503,10000.0,60,Active,Car,10251.81
CR_459,156,25000.0,24,Active,Real Estate,36858.75
CR_460,181,5000.0,60,Active,Real Estate,3762.18
CR_461,507,50000.0,36,Active,Car,42103.19
CR_462,777,25000.0,60,Default,Car,34494.58
CR_463,633,1000.0,6,Closed,Car,617.92
CR_464,988,500.0,24,Default,Real Estate,291.66
CR_465,492,25000.0,12,Default,Real Estate,36148.82
CR_466,633,50000.0,36,Default,Real Estate,45738.24
CR_467,75,500.0,12,Default,None,0.0
CR_468,725,5000.0,12,Active,None,0.0
CR_469,575,10000.0,24,Closed,Real Estate,10177.85
CR_470,322,25000.0,36,Closed,None,0.0
CR_471,789,5000.0,60,Closed,Deposit,6109.53
CR_472,437,5000.0,12,Closed,Deposit,4727.78
CR_473,994,1000.0,36,Default,Deposit,583.12
CR_474,173,25000.0,12,Active,Car,21531.73
CR_475,620,10000.0,12,Active,None,0.0
CR_476,866,25000.0,24,Active,Car,15665.08
CR_477,96,50000.0,36,Closed,None,0.0
CR_478,310,5000.0,12,Default,Deposit,2860.32
CR_479,783,25000.0,12,Active,Deposit,27522.39
CR_480,189,5000.0,6,Default,None,0.0
CR_481,100,1000.0,12,Closed,None,0.0
CR_482,538,1000.0,12,Active,Deposit,1134.09
CR_483,799,25000.0,24,Active,Car,28409.05
CR_484,558,50000.0,12,Active,None,0.0
CR_485,352,50000.0,6,Default,Deposit,47960.18
CR_486,30,10000.0,60,Closed,Real Estate,10458.41
CR_487,543,25000.0,60,Closed,None,0.0
CR_488,740,25000.0,36,Default,Deposit,19842.31
CR_489,952,,24,Closed,None,0.0
CR_490,222,25000.0,6,Active,Real Estate,27464.03
CR_491,365,10000.0,24,Active,None,0.0
CR_492,754,25000.0,12,Active,Car,25147.69
CR_493,563,,6,Default,Car,0.0
CR_494,177,1000.0,24,Default,Real Estate,529.31
CR_495,644,1000.0,12,Active,None,0.0
CR_496,754,10000.0,36,Default,Deposit,11877.76
CR_497,810,25000.0,36,Default,Car,37276.03
CR_498,803,500.0,6,Closed,Real Estate,432.81
CR_499,548,5000.0,36,Default,None,0.0
CR_500,921,,6,Active,None,0.0
CR_501,696,25000.0,12,Closed,None,0.0
CR_502,154,10000.0,6,Closed,Real Estate,9944.55
CR_503,664,,12,Active,Real Estate,0.0
CR_504,965,1000.0,6,Closed,Real Estate,1012.9
CR_505,180,500.0,60,Default,Deposit,399.35
CR_506,73,25000.0,60,Default,Deposit,32592.79
CR_507,715,5000.0,60,Active,None,0.0
CR_508,97,500.0,60,Active,None,0.0
CR_509,848,50000.0,24,Active,None,0.0
CR_510,138,50000.0,12,Default,Deposit,63751.88
CR_511,960,500.0,12,Closed,None,0.0
CR_512,731,500.0,12,Default,Deposit,567.6
CR_513,359,500.0,36,Closed,None,0.0
CR_514,254,500.0,36,Closed,Car,674.39
CR_515,794,50000.0,12,Active,Car,33307.26
CR_516,843,,36,Active,None,0.0
CR_517,208,5000.0,12,Active,Real Estate,3801.9
CR_518,467,50000.0,24,Closed,Deposit,48723.93
CR_519,323,50000.0,24,Closed,Car,55371.59
CR_520,250,50000.0,12,Default,Car,26883.98
CR_521,422,25000.0,60,Active,None,0.0
CR_522,627,50000.0,60,Active,Real Estate,33038.43
CR_523,631,500.0,6,Active,Real Estate,582.74
CR_524,217,,36,Active,Car,0.0
CR_525,891,50000.0,60,Closed,Car,41321.07
CR_526,944,5000.0,36,Closed,Deposit,5022.5
CR_527,425,50000.0,6,Active,Car,58546.55
CR_528,580,500.0,60,Closed,Real Estate,725.87
CR_529,259,25000.0,36,Default,Deposit,30361.51
CR_530,236,500.0,6,Closed,Real Estate,585.43
CR_531,854,5000.0,36,Active,Car,3142.69
CR_532,892,1000.0,6,Closed,Car,940.03
CR_533,83,25000.0,24,Closed,Deposit,23688.04
CR_534,643,500.0,12,Closed,None,0.0
CR_535,185,500.0,36,Default,Deposit,644.25
CR_536,916,25000.0,6,Active,None,0.0
CR_537,208,500.0,60,Closed,None,0.0
CR_538,776,25000.0,12,Default,Car,27965.54
CR_539,436,5000.0,24,Default,Real Estate,5530.36
CR_540,249,10000.0,24,Closed,Deposit,12446.07
CR_541,604,25000.0,36,Default,Car,35524.51
CR_542,570,500.0,24,Closed,Real Estate,594.34
CR_543,23,10000.0,24,Default,Deposit,5665.74
CR_544,643,10000.0,60,Closed,Car,8721.05
CR_545,396,50000.0,36,Active,Car,57449.64
CR_546,732,,36,Active,None,0.0
CR_547,238,500.0,6,Default,Car,504.47
CR_548,462,10000.0,60,Default,Real Estate,9337.08
CR_549,122,50000.0,24,Default,Deposit,28546.49
CR_550,232,10000.0,6,Active,Car,7773.93
CR_551,898,,36,Closed,None,0.0
CR_552,387,10000.0,24,Closed,Car,5319.32
CR_553,307,10000.0,60,Active,Car,14597.72
CR_554,749,5000.0,60,Closed,Real Estate,6371.02
CR_555,902,,12,Active,Deposit,0.0
CR_556,324,1000.0,60,Active,Real Estate,1314.44
CR_557,607,500.0,24,Active,Deposit,653.18
CR_558,122,25000.0,60,Active,None,0.0
CR_559,181,1000.0,60,Closed,Car,1274.45
CR_560,347,,12,Default,None,0.0
CR_561,192,500.0,6,Active,Car,738.26
CR_562,757,25000.0,12,Closed,Real Estate,18404.84
CR_563,74,10000.0,36,Active,Real Estate,8481.01
CR_564,201,5000.0,12,Active,None,0.0
CR_565,731,500.0,60,Closed,None,0.0
CR_566,515,1000.0,24,Active,None,0.0
CR_567,632,,60,Closed,Car,0.0
CR_568,671,500.0,12,Active,None,0.0
CR_569,538,50000.0,12,Closed,Car,61424.84
CR_570,733,10000.0,12,Active,Real Estate,11390.42
CR_571,199,50000.0,36,Default,Deposit,74541.32
CR_572,752,,36,Default,Car,0.0
CR_573,7,25000.0,12,Default,Car,27325.36
CR_574,344,50000.0,60,Closed,Car,55640.86
CR_575,362,,6,Default,Deposit,0.0
CR_576,574,500.0,36,Closed,Real Estate,255.57
CR_577,309,50000.0,36,Closed,Car,59535.54
CR_578,935,10000.0,24,Closed,Deposit,11940.97
CR_579,199,50000.0,60,Default,Deposit,40293.14
CR_580,769,10000.0,36,Active,Deposit,5848.17
CR_581,54,10000.0,36,Active,None,0.0
CR_582,399,25000.0,12,Default,Car,17423.59
CR_583,230,10000.0,60,Active,Car,10431.08
CR_584,124,50000.0,36,Active,Car,29512.61
CR_585,930,1000.0,6,Closed,Deposit,636.47
CR_586,166,5000.0,6,Active,Deposit,3990.58
CR_587,227,5000.0,6,Closed,None,0.0
CR_588,157,500.0,60,Active,Real Estate,436.85
CR_589,696,25000.0,36,Closed,None,0.0
CR_590,97,1000.0,6,Default,Deposit,1387.92
CR_591,505,,12,Active,Real Estate,0.0
CR_592,416,,6,Active,None,0.0
CR_593,701,1000.0,36,Closed,Car,1473.2
CR_594,917,1000.0,12,Default,Real Estate,996.65
CR_595,720,1000.0,24,Active,None,0.0
CR_596,324,500.0,60,Default,None,0.0
CR_597,822,10000.0,12,Active,None,0.0
CR_598,161,50000.0,12,Active,None,0.0
CR_599,579,50000.0,12,Closed,None,0.0
CR_600,838,,60,Default,Car,0.0
CR_601,463,,6,Active,None,0.0
CR_602,274,1000.0,12,Default,Deposit,651.75
CR_603,993,25000.0,60,Active,Car,36127.58
CR_604,886,50000.0,36,Closed,Deposit,31471.82
CR_605,856,25000.0,6,Default,Car,27743.67
CR_606,159,25000.0,6,Closed,Real Estate,34064.82
CR_607,324,50000.0,6,Closed,Real Estate,56847.6
CR_608,361,10000.0,24,Active,None,0.0
CR_609,358,1000.0,60,Closed,Deposit,1157.53
CR_610,673,25000.0,24,Active,Deposit,28082.3
CR_611,151,5000.0,6,Default,Real Estate,4917.35
CR_612,276,25000.0,36,Closed,Real Estate,15032.41
CR_613,318,10000.0,6,Active,Car,14939.82
CR_614,105,500.0,36,Active,None,0.0
CR_615,259,5000.0,60,Closed,None,0.0
CR_616,615,500.0,6,Active,Real Estate,661.78
CR_617,674,5000.0,12,Default,Real Estate,6560.19
CR_618,694,1000.0,12,Active,Real Estate,1117.46
CR_619,4,5000.0,24,Closed,Real Estate,3366.5
CR_620,855,500.0,60,Closed,None,0.0
CR_621,592,1000.0,12,Closed,Deposit,892.86
CR_622,861,25000.0,12,Default,Car,36456.54
CR_623,538,25000.0,24,Default,Car,14401.98
CR_624,145,25000.0,24,Closed,None,0.0
CR_625,534,500.0,12,Closed,Real Estate,607.11
CR_626,140,,12,Active,Car,0.0
CR_627,798,10000.0,12,Default,Deposit,14952.75
CR_628,760,,24,Default,Deposit,0.0
CR_629,618,500.0,36,Closed,Real Estate,524.86
CR_630,262,,24,Default,Deposit,0.0
CR_631,215,1000.0,6,Active,None,0.0
CR_632,256,5000.0,36,Active,None,0.0
CR_633,250,25000.0,36,Closed,Real Estate,34092.83
CR_634,261,10000.0,12,Default,Car,6429.53
CR_635,14,10000.0,6,Closed,Deposit,11467.2
CR_636,332,50000.0,60,Closed,Deposit,30494.04
CR_637,396,500.0,36,Active,Car,404.38
CR_638,34,500.0,12,Closed,Deposit,654.38
CR_639,344,1000.0,12,Default,Car,1182.53
CR_640,341,50000.0,60,Default,Car,29738.02
CR_641,523,10000.0,60,Closed,Real Estate,14263.91
CR_642,446,,6,Closed,Car,0.0
CR_643,397,5000.0,36,Closed,None,0.0
CR_644,819,50000.0,36,Default,Real Estate,59277.11
CR_645,232,10000.0,12,Active,None,0.0
CR_646,2,5000.0,60,Active,None,0.0
CR_647,875,50000.0,6,Active,Real Estate,52434.98
CR_648,976,500.0,24,Default,None,0.0
CR_649,783,25000.0,12,Closed,Car,16435.87
CR_650,563,1000.0,12,Default,Real Estate,1124.66
CR_651,915,500.0,12,Closed,Deposit,407.76
CR_652,632,5000.0,12,Default,Deposit,3098.56
CR_653,596,1000.0,60,Closed,Real Estate,1336.03
CR_654,862,5000.0,24,Default,Car,6603.17
CR_655,571,1000.0,24,Closed,None,0.0
CR_656,501,50000.0,24,Active,Real Estate,63801.94
CR_657,774,,24,Default,Car,0.0
CR_658,316,5000.0,60,Closed,Deposit,6415.89
CR_659,619,500.0,6,Closed,Car,389.61
CR_660,26,1000.0,24,Active,Deposit,1368.91
CR_661,320,1000.0,6,Active,Deposit,643.92
CR_662,465,25000.0,6,Default,Car,37362.82
CR_663,682,50000.0,12,Default,Deposit,37984.24
CR_664,203,10000.0,60,Default,None,0.0
CR_665,309,500.0,24,Active,Car,509.46
CR_666,695,50000.0,12,Active,None,0.0
CR_667,299,50000.0,60,Closed,None,0.0
CR_668,879,,24,Active,Deposit,0.0
CR_669,827,,12,Default,None,0.0
CR_670,311,,36,Closed,Car,0.0
CR_671,546,25000.0,24,Active,Deposit,25213.82
CR_672,934,10000.0,24,Active,Car,11283.07
CR_673,805,1000.0,36,Default,None,0.0
CR_674,186,50000.0,60,Default,Real Estate,42743.69
CR_675,930,1000.0,12,Closed,Real Estate,1404.89
CR_676,131,,36,Default,Real Estate,0.0
CR_677,964,,36,Default,Deposit,0.0
CR_678,592,5000.0,24,Default,Real Estate,5688.59
CR_679,874,500.0,36,Default,None,0.0
CR_680,890,25000.0,24,Active,Real Estate,29109.86
CR_681,518,,6,Closed,None,0.0
CR_682,835,5000.0,36,Active,None,0.0
CR_683,551,50000.0,24,Closed,Deposit,41978.54
CR_684,260,50000.0,36,Closed,Car,66568.8
CR_685,736,,36,Active,Real Estate,0.0
CR_686,191,50000.0,12,Default,Car,62866.27
CR_687,444,,36,Active,Car,0.0
CR_688,271,5000.0,36,Active,Car,7195.12
CR_689,963,10000.0,36,Default,Real Estate,7799.07
CR_690,464,25000.0,12,Active,Car,30432.78
CR_691,531,10000.0,36,Default,Real Estate,10028.12
CR_692,57,50000.0,36,Active,Car,70052.79
CR_693,636,10000.0,60,Closed,Car,5862.16
CR_694,29,5000.0,60,Active,Deposit,6009.43
CR_695,881,,36,Closed,Real Estate,0.0
CR_696,322,5000.0,12,Active,None,0.0
CR_697,877,,6,Default,Car,0.0
CR_698,805,25000.0,6,Default,None,0.0
CR_699,938,50000.0,24,Default,Car,35739.43
CR_700,897,25000.0,6,Active,Car,32691.66
CR_701,922,,36,Closed,None,0.0
CR_702,610,5000.0,12,Default,Deposit,6474.07
CR_703,58,500.0,24,Default,Deposit,582.39
CR_704,681,25000.0,24,Closed,Real Estate,33207.55
CR_705,726,500.0,24,Closed,None,0.0
CR_706,974,5000.0,12,Active,None,0.0
CR_707,220,500.0,24,Closed,Deposit,746.62
CR_708,737,,6,Default,Car,0.0
CR_709,938,50000.0,36,Closed,Real Estate,30465.06
CR_710,724,1000.0,24,Active,Deposit,1026.52
CR_711,491,5000.0,6,Default,Car,2930.42
CR_712,896,,24,Default,Deposit,0.0
CR_713,143,1000.0,6,Closed,None,0.0
CR_714,354,10000.0,6,Default,Car,5191.43
CR_715,338,10000.0,36,Active,None,0.0
CR_716,267,1000.0,6,Active,None,0.0
CR_717,339,50000.0,6,Default,Deposit,27920.68
CR_718,257,500.0,36,Closed,Car,698.43
CR_719,567,,24,Active,None,0.0
CR_720,599,1000.0,36,Active,Deposit,1404.53
CR_721,38,,36,Closed,Car,0.0
CR_722,116,50000.0,12,Active,Deposit,40241.52
CR_723,618,1000.0,6,Closed,None,0.0
CR_724,246,5000.0,6,Default,None,0.0
CR_725,791,25000.0,36,Active,Car,31000.67
CR_726,691,1000.0,60,Active,None,0.0
CR_727,50,25000.0,36,Closed,Deposit,37257.03
CR_728,835,,36,Active,Car,0.0
CR_729,60,25000.0,36,Closed,Deposit,27034.21
CR_730,515,500.0,36,Active,None,0.0
CR_731,286,50000.0,60,Default,Car,48425.56
CR_732,759,25000.0,6,Closed,None,0.0
CR_733,768,5000.0,60,Closed,None,0.0
CR_734,121,500.0,6,Active,None,0.0
CR_735,699,500.0,60,Closed,None,0.0
CR_736,689,10000.0,6,Closed,Car,10283.8
CR_737,503,1000.0,36,Default,Deposit,856.85
CR_738,787,5000.0,24,Closed,Real Estate,5334.43
CR_739,679,500.0,60,Closed,Car,533.89
CR_740,513,25000.0,12,Default,Deposit,26361.01
CR_741,570,500.0,12,Default,None,0.0
CR_742,330,50000.0,60,Active,None,0.0
CR_743,165,10000.0,6,Active,Deposit,10412.17
CR_744,105,500.0,60,Default,Car,278.2
CR_745,661,5000.0,12,Closed,Deposit,6882.14
CR_746,759,,12,Default,Deposit,0.0
CR_747,321,,12,Active,Deposit,0.0
CR_748,417,1000.0,24,Closed,None,0.0
CR_749,817,50000.0,6,Closed,Car,29428.88
CR_750,278,25000.0,24,Active,Real Estate,25503.69
CR_751,914,5000.0,60,Closed,Real Estate,3023.95
CR_752,88,1000.0,12,Closed,Deposit,1094.85
CR_753,310,,24,Default,Deposit,0.0
CR_754,309,50000.0,24,Active,Real Estate,51980.06
CR_755,364,500.0,24,Closed,Car,545.97
CR_756,430,,12,Closed,Car,0.0
CR_757,620,10000.0,60,Closed,Deposit,12024.49
CR_758,684,1000.0,36,Closed,Car,515.33
CR_759,436,5000.0,6,Default,Deposit,2783.45
CR_760,701,1000.0,60,Closed,Real Estate,940.0
CR_761,135,25000.0,12,Default,None,0.0
CR_762,514,1000.0,12,Active,Real Estate,1334.41
CR_763,956,10000.0,24,Default,Real Estate,11310.73
CR_764,186,1000.0,36,Active,Real Estate,1430.97
CR_765,545,500.0,36,Active,Real Estate,265.74
CR_766,491,5000.0,24,Default,None,0.0
CR_767,620,25000.0,24,Default,Real Estate,26182.26
CR_768,572,1000.0,24,Active,Car,1478.96
CR_769,939,1000.0,12,Active,None,0.0
CR_770,57,25000.0,60,Default,Real Estate,33822.12
CR_771,613,1000.0,6,Closed,None,0.0
CR_772,928,5000.0,24,Active,Real Estate,3888.35
CR_773,183,50000.0,36,Active,Real Estate,61693.37
CR_774,25,1000.0,12,Active,Real Estate,550.87
CR_775,981,500.0,60,Default,Real Estate,626.57
CR_776,828,1000.0,24,Default,None,0.0
CR_777,47,25000.0,12,Closed,Real Estate,24118.47
CR_778,966,,36,Active,None,0.0
CR_779,925,50000.0,24,Closed,None,0.0
CR_780,876,500.0,60,Active,None,0.0
CR_781,325,,6,Closed,Deposit,0.0
CR_782,536,1000.0,12,Closed,Car,766.21
CR_783,991,50000.0,60,Active,None,0.0
CR_784,962,,24,Default,None,0.0
CR_785,710,5000.0,12,Default,Deposit,7168.84
CR_786,877,50000.0,6,Active,None,0.0
CR_787,874,500.0,36,Active,Deposit,285.54
CR_788,422,1000.0,12,Default,Real Estate,1222.92
CR_789,702,1000.0,36,Active,Deposit,967.84
CR_790,46,500.0,12,Active,Real Estate,411.03
CR_791,129,,24,Default,None,0.0
CR_792,651,5000.0,60,Active,None,0.0
CR_793,932,25000.0,36,Active,None,0.0
CR_794,234,1000.0,24,Default,Car,752.3
CR_795,789,,60,Active,Real Estate,0.0
CR_796,818,50000.0,36,Active,Real Estate,36166.12
CR_797,637,25000.0,24,Default,None,0.0
CR_798,951,10000.0,12,Closed,Real Estate,14003.88
CR_799,499,5000.0,60,Active,Real Estate,7355.3
CR_800,943,10000.0,60,Default,None,0.0
CR_801,583,500.0,60,Active,None,0.0
CR_802,998,1000.0,6,Active,Car,705.33
CR_803,621,50000.0,60,Active,Car,51892.95
CR_804,324,5000.0,12,Active,Car,2648.19
CR_805,940,500.0,60,Default,None,0.0
CR_806,207,,36,Closed,Car,0.0
CR_807,578,50000.0,6,Active,Real Estate,30656.48
CR_808,239,,60,Closed,Car,0.0
CR_809,335,50000.0,6,Default,Car,28919.24
CR_810,531,1000.0,60,Closed,Real Estate,1065.17
CR_811,828,,12,Active,Real Estate,0.0
CR_812,543,1000.0,36,Closed,Deposit,1472.12
CR_813,637,1000.0,60,Default,None,0.0
CR_814,698,500.0,6,Default,None,0.0
CR_815,589,10000.0,24,Default,Deposit,11676.89
CR_816,449,500.0,12,Closed,Car,506.9
CR_817,711,,36,Closed,Real Estate,0.0
CR_818,643,1000.0,60,Closed,Deposit,1494.89
CR_819,41,500.0,24,Active,Deposit,601.45
CR_820,339,5000.0,36,Closed,Car,3564.67
CR_821,700,5000.0,12,Closed,Real Estate,6726.71
CR_822,298,10000.0,6,Active,None,0.0
CR_823,380,5000.0,36,Closed,Real Estate,6428.54
CR_824,706,500.0,12,Active,Real Estate,715.41
CR_825,958,,6,Closed,Deposit,0.0
CR_826,271,25000.0,12,Default,Real Estate,16261.54
CR_827,909,,12,Closed,Car,0.0
CR_828,727,,24,Default,Deposit,0.0
CR_829,457,1000.0,60,Active,Deposit,1232.66
CR_830,725,1000.0,24,Closed,Car,687.98
CR_831,8,5000.0,60,Closed,Car,6028.58
CR_832,142,5000.0,36,Closed,Deposit,4216.18
CR_833,168,500.0,60,Default,None,0.0
CR_834,899,50000.0,36,Active,None,0.0
CR_835,732,50000.0,24,Default,Car,56683.82
CR_836,788,25000.0,6,Closed,Car,15608.85
CR_837,696,25000.0,60,Default,Deposit,19820.66
CR_838,210,50000.0,12,Closed,Car,51259.66
CR_839,389,5000.0,12,Active,Real Estate,6259.39
CR_840,967,50000.0,60,Default,Deposit,62559.37
CR_841,801,,60,Default,Car,0.0
CR_842,153,50000.0,60,Default,Car,56859.15
CR_843,772,1000.0,12,Default,Real Estate,1128.65
CR_844,950,5000.0,6,Closed,None,0.0
CR_845,310,500.0,24,Active,Real Estate,496.6
CR_846,15,50000.0,60,Default,Deposit,40337.45
CR_847,730,50000.0,24,Closed,Real Estate,33677.65
CR_848,415,1000.0,36,Closed,Deposit,628.08
CR_849,161,10000.0,24,Default,None,0.0
CR_850,247,50000.0,12,Active,Deposit,27753.61
CR_851,767,5000.0,24,Default,Real Estate,5852.57
CR_852,537,1000.0,36,Closed,Deposit,1020.76
CR_853,365,10000.0,36,Default,Deposit,6739.37
CR_854,899,25000.0,36,Closed,Real Estate,24273.1
CR_855,712,50000.0,36,Closed,Real Estate,70382.86
CR_856,204,5000.0,60,Default,Real Estate,4650.36
CR_857,404,500.0,36,Closed,Car,605.62
CR_858,212,1000.0,24,Default,None,0.0
CR_859,302,50000.0,24,Closed,Deposit,40984.74
CR_860,474,50000.0,36,Active,None,0.0
CR_861,439,1000.0,36,Active,Real Estate,594.67
CR_862,134,50000.0,6,Closed,Deposit,33028.49
CR_863,991,1000.0,6,Active,Car,1059.31
CR_864,510,5000.0,36,Default,Real Estate,6300.08
CR_865,503,1000.0,6,Default,Deposit,1335.32
CR_866,666,,60,Default,Car,0.0
CR_867,772,5000.0,6,Active,None,0.0
CR_868,67,50000.0,24,Default,None,0.0
CR_869,828,,60,Closed,None,0.0
CR_870,871,25000.0,60,Default,Car,13815.47
CR_871,134,5000.0,36,Closed,Real Estate,4199.57
CR_872,2,50000.0,36,Closed,Deposit,27985.54
CR_873,167,1000.0,60,Default,Real Estate,641.02
CR_874,84,1000.0,60,Closed,Car,909.51
CR_875,840,50000.0,6,Default,Real Estate,45607.66
CR_876,614,,6,Active,Car,0.0
CR_877,782,5000.0,24,Default,Car,7162.63
CR_878,358,,60,Active,Car,0.0
CR_879,788,10000.0,60,Active,Deposit,10320.62
CR_880,714,5000.0,60,Default,None,0.0
CR_881,665,500.0,6,Default,Car,471.67
CR_882,407,5000.0,12,Default,Car,6401.13
CR_883,259,50000.0,24,Default,Deposit,60620.16
CR_884,143,25000.0,6,Closed,Real Estate,23361.65
CR_885,134,1000.0,36,Default,Car,1442.27
CR_886,200,50000.0,6,Active,Car,30241.84
CR_887,913,500.0,12,Active,Real Estate,534.47
CR_888,600,5000.0,6,Active,None,0.0
CR_889,444,1000.0,12,Closed,Real Estate,1044.7
CR_890,14,50000.0,12,Default,Real Estate,31657.9
CR_891,577,10000.0,24,Active,Real Estate,8607.08
CR_892,313,50000.0,24,Closed,None,0.0
CR_893,393,,60,Active,Car,0.0
CR_894,753,5000.0,60,Default,Real Estate,2905.82
CR_895,553,5000.0,6,Active,None,0.0
CR_896,498,10000.0,36,Closed,Real Estate,9908.03
CR_897,682,,12,Default,None,0.0
CR_898,681,10000.0,6,Default,None,0.0
CR_899,857,500.0,36,Default,Real Estate,646.01
CR_900,286,1000.0,60,Active,None,0.0
CR_901,726,,60,Default,Deposit,0.0
CR_902,611,500.0,6,Default,Car,413.84
CR_903,905,1000.0,24,Active,Real Estate,506.47
CR_904,372,25000.0,6,Default,Deposit,27577.16
CR_905,513,10000.0,12,Active,Real Estate,5014.39
CR_906,22,500.0,36,Closed,None,0.0
CR_907,879,1000.0,12,Default,Real Estate,688.69
CR_908,171,5000.0,12,Active,None,0.0
CR_909,168,5000.0,24,Default,Deposit,6755.42
CR_910,192,10000.0,12,Active,Real Estate,5665.1
CR_911,992,50000.0,6,Closed,Car,67563.59
CR_912,475,10000.0,24,Default,Real Estate,13878.85
CR_913,345,10000.0,6,Active,Car,9198.96
CR_914,35,5000.0,12,Active,Real Estate,4710.43
CR_915,201,5000.0,6,Active,Deposit,4190.04
CR_916,213,10000.0,60,Default,Car,11387.5
CR_917,820,25000.0,12,Closed,Car,19240.51
CR_918,156,,36,Active,Car,0.0
CR_919,520,25000.0,12,Active,Deposit,26806.13
CR_920,671,500.0,12,Closed,Deposit,288.57
CR_921,395,25000.0,36,Default,None,0.0
CR_922,194,1000.0,6,Default,Car,1068.82
CR_923,670,10000.0,60,Default,Car,5884.84
CR_924,181,1000.0,36,Default,Car,1282.74
CR_925,621,25000.0,36,Closed,Car,30953.43
CR_926,522,,60,Active,None,0.0
CR_927,679,50000.0,36,Active,None,0.0
CR_928,552,500.0,6,Default,None,0.0
CR_929,852,500.0,12,Closed,Car,403.29
CR_930,937,25000.0,60,Active,Deposit,20584.47
CR_931,329,500.0,24,Default,Car,400.54
CR_932,257,500.0,12,Default,Deposit,681.72
CR_933,781,500.0,6,Closed,Deposit,637.69
CR_934,312,500.0,36,Active,Deposit,688.76
CR_935,512,10000.0,24,Closed,Deposit,10933.26
CR_936,558,1000.0,60,Default,Deposit,1480.69
CR_937,955,5000.0,24,Active,None,0.0
CR_938,41,25000.0,24,Default,None,0.0
CR_939,249,1000.0,12,Active,Deposit,568.4
CR_940,113,10000.0,24,Closed,None,0.0
CR_941,418,5000.0,36,Closed,None,0.0
CR_942,368,25000.0,6,Default,None,0.0
CR_943,616,5000.0,12,Closed,None,0.0
CR_944,454,,36,Closed,Car,0.0
CR_945,134,25000.0,60,Default,Real Estate,19348.46
CR_946,38,10000.0,12,Active,Car,13183.86
CR_947,143,500.0,12,Closed,Real Estate,377.09
CR_948,907,10000.0,60,Active,Car,13607.98
CR_949,369,500.0,60,Active,None,0.0
CR_950,580,,24,Closed,None,0.0
CR_951,105,10000.0,6,Closed,None,0.0
CR_952,212,10000.0,12,Closed,None,0.0
CR_953,75,5000.0,60,Closed,Real Estate,5046.62
CR_954,102,25000.0,60,Active,Deposit,34926.32
CR_955,968,500.0,36,Default,Car,507.1
CR_956,842,500.0,60,Closed,Car,472.97
CR_957,178,10000.0,36,Default,Deposit,8983.26
CR_958,524,1000.0,12,Closed,None,0.0
CR_959,342,10000.0,60,Closed,None,0.0
CR_960,586,25000.0,36,Default,Deposit,36147.4
CR_961,718,10000.0,12,Closed,Deposit,12584.65
CR_962,545,50000.0,6,Active,Deposit,44111.95
CR_963,660,,36,Closed,Real Estate,0.0
CR_964,633,50000.0,6,Closed,Car,58543.43
CR_965,351,500.0,6,Closed,Deposit,607.89
CR_966,791,10000.0,60,Default,Deposit,10170.18
CR_967,588,25000.0,36,Default,None,0.0
CR_968,131,1000.0,24,Closed,Deposit,1116.09
CR_969,65,,6,Active,None,0.0
CR_970,494,50000.0,12,Active,Real Estate,53257.45
CR_971,89,50000.0,36,Default,Real Estate,45192.33
CR_972,507,5000.0,12,Closed,Real Estate,2599.76
CR_973,384,10000.0,60,Closed,Real Estate,11935.21
CR_974,409,10000.0,6,Closed,Deposit,10023.34
CR_975,652,5000.0,60,Closed,None,0.0
CR_976,957,1000.0,24,Default,None,0.0
CR_977,547,1000.0,24,Default,Real Estate,1448.36
CR_978,867,1000.0,36,Active,Car,830.54
CR_979,803,5000.0,12,Closed,Real Estate,4235.19
CR_980,53,25000.0,36,Default,Car,34544.67
CR_981,509,25000.0,6,Closed,Deposit,19132.78
CR_982,474,50000.0,12,Active,Real Estate,37105.35
CR_983,45,1000.0,60,Closed,None,0.0
CR_984,201,25000.0,36,Default,Real Estate,37041.72
CR_985,930,10000.0,60,Active,Deposit,11022.89
CR_986,977,500.0,24,Active,Real Estate,532.3
CR_987,815,25000.0,6,Closed,Deposit,25614.76
CR_988,244,25000.0,60,Closed,Car,21308.5
CR_989,590,25000.0,60,Default,None,0.0
CR_990,712,10000.0,6,Closed,Car,13135.67
CR_991,250,5000.0,36,Active,Car,4156.16
CR_992,703,,36,Closed,Deposit,0.0
CR_993,683,25000.0,36,Active,Real Estate,26288.11
CR_994,107,25000.0,60,Closed,None,0.0
CR_995,447,5000.0,6,Active,Car,6492.36
CR_996,3,1000.0,6,Closed,Car,1320.57
CR_997,922,1000.0,6,Default,Car,538.4
CR_998,365,25000.0,24,Closed,None,0.0
CR_999,640,1000.0,36,Default,Car,750.56
CR_1000,468,5000.0,60,Default,Car,4779.27
CR_1001,131,10000.0,6,Closed,Car,8311.2
CR_1002,315,50000.0,24,Closed,Deposit,57845.28
CR_1003,946,50000.0,6,Closed,Car,64109.95
CR_1004,478,1000.0,60,Closed,Car,750.09
CR_1005,652,50000.0,24,Default,Deposit,32626.71
CR_1006,920,500.0,36,Default,Real Estate,618.92
CR_1007,217,50000.0,60,Default,None,0.0
CR_1008,394,5000.0,36,Closed,None,0.0
CR_1009,168,,36,Closed,Car,0.0
CR_1010,129,500.0,24,Default,Car,626.94
CR_1011,315,1000.0,6,Closed,None,0.0
CR_1012,298,,36,Default,Real Estate,0.0
CR_1013,575,5000.0,6,Active,Real Estate,5410.52
CR_1014,871,500.0,36,Closed,Deposit,449.12
CR_1015,329,5000.0,36,Default,Deposit,3537.31
CR_1016,617,10000.0,36,Active,Car,7343.51
CR_1017,681,500.0,24,Closed,Real Estate,697.79
CR_1018,617,500.0,12,Closed,None,0.0
CR_1019,43,500.0,36,Closed,Real Estate,675.67
CR_1020,114,1000.0,6,Active,Deposit,553.78
CR_1021,384,500.0,24,Closed,None,0.0
CR_1022,755,500.0,60,Active,Car,478.42
CR_1023,973,10000.0,60,Closed,None,0.0
CR_1024,434,25000.0,24,Active,None,0.0
CR_1025,389,1000.0,24,Active,Car,1001.01
CR_1026,519,10000.0,6,Closed,Car,8183.26
CR_1027,829,500.0,36,Closed,Car,709.34
CR_1028,505,500.0,60,Closed,None,0.0
CR_1029,763,500.0,36,Active,Real Estate,679.9
CR_1030,685,500.0,12,Default,Real Estate,414.17
CR_1031,141,,36,Default,None,0.0
CR_1032,974,25000.0,60,Default,Deposit,21810.91
CR_1033,189,25000.0,6,Closed,Real Estate,26334.64
CR_1034,115,10000.0,60,Default,Deposit,7302.78
CR_1035,452,5000.0,12,Closed,Real Estate,6756.36
CR_1036,683,50000.0,36,Default,None,0.0
CR_1037,256,25000.0,36,Closed,None,0.0
CR_1038,267,5000.0,60,Default,Car,2884.08
CR_1039,297,,6,Active,Real Estate,0.0
CR_1040,494,10000.0,12,Closed,Real Estate,11524.08
CR_1041,63,500.0,24,Default,Deposit,375.14
CR_1042,613,5000.0,12,Closed,Real Estate,3414.44
CR_1043,591,500.0,6,Active,Deposit,493.41
CR_1044,620,1000.0,12,Closed,Car,1113.87
CR_1045,236,,12,Default,Car,0.0
CR_1046,721,500.0,6,Default,Deposit,611.12
CR_1047,580,5000.0,36,Active,Deposit,3011.28
CR_1048,588,10000.0,12,Closed,Deposit,11508.93
CR_1049,654,10000.0,6,Closed,None,0.0
CR_1050,943,1000.0,6,Closed,Deposit,523.88
CR_1051,791,1000.0,12,Closed,Real Estate,557.16
CR_1052,516,50000.0,24,Closed,None,0.0
CR_1053,631,10000.0,6,Default,Car,11548.06
CR_1054,372,5000.0,24,Active,Car,4609.36
CR_1055,844,500.0,6,Active,Car,453.96
CR_1056,940,1000.0,6,Active,Real Estate,1428.71
CR_1057,364,25000.0,60,Active,None,0.0
CR_1058,942,25000.0,60,Closed,Car,13870.49
CR_1059,670,10000.0,60,Closed,Deposit,10628.12
CR_1060,276,50000.0,6,Closed,None,0.0
CR_1061,830,25000.0,24,Closed,Car,14037.2
CR_1062,943,1000.0,36,Active,Deposit,1438.69
CR_1063,485,500.0,12,Closed,None,0.0
CR_1064,504,,6,Default,Car,0.0
CR_1065,677,5000.0,12,Default,Car,2826.35
CR_1066,153,50000.0,24,Active,Real Estate,32848.64
CR_1067,134,50000.0,24,Default,Real Estate,47456.63
CR_1068,583,25000.0,60,Default,Deposit,36500.05
CR_1069,906,10000.0,6,Active,None,0.0
CR_1070,763,25000.0,60,Closed,Car,17841.95
CR_1071,797,25000.0,36,Active,Car,22330.1
CR_1072,743,10000.0,60,Default,Deposit,11864.08
CR_1073,238,,12,Closed,Car,0.0
CR_1074,387,1000.0,36,Closed,Real Estate,695.7
CR_1075,280,500.0,24,Closed,Deposit,367.38
CR_1076,99,10000.0,24,Default,None,0.0
CR_1077,796,10000.0,60,Closed,Real Estate,10472.5
CR_1078,304,50000.0,12,Closed,None,0.0
CR_1079,922,5000.0,6,Closed,None,0.0
CR_1080,516,1000.0,60,Closed,Real Estate,1443.07
CR_1081,735,10000.0,12,Default,Car,11973.28
CR_1082,56,5000.0,36,Closed,None,0.0
CR_1083,69,10000.0,12,Default,Real Estate,14352.42
CR_1084,934,10000.0,12,Closed,Deposit,6023.44
CR_1085,77,,6,Default,Car,0.0
CR_1086,276,500.0,12,Active,Deposit,367.17
CR_1087,190,10000.0,12,Active,None,0.0
CR_1088,989,25000.0,6,Active,Deposit,35242.69
CR_1089,19,5000.0,12,Active,Deposit,6534.92
CR_1090,295,1000.0,24,Default,Real Estate,1374.21
CR_1091,799,10000.0,6,Active,Real Estate,14492.36
CR_1092,733,10000.0,24,Default,Deposit,5788.52
CR_1093,725,500.0,36,Closed,Real Estate,597.18
CR_1094,423,25000.0,6,Default,Real Estate,23269.64
CR_1095,687,5000.0,12,Closed,None,0.0
CR_1096,610,1000.0,12,Active,None,0.0
CR_1097,565,,36,Active,Deposit,0.0
CR_1098,79,500.0,24,Default,Real Estate,424.38
CR_1099,732,5000.0,6,Active,Real Estate,3431.68
CR_1100,821,,36,Closed,None,0.0
CR_1101,670,5000.0,6,Active,Car,5621.29
CR_1102,139,5000.0,60,Closed,Car,5786.2
CR_1103,345,25000.0,6,Closed,None,0.0
CR_1104,637,25000.0,12,Closed,Deposit,32125.3
CR_1105,811,500.0,12,Default,None,0.0
CR_1106,909,5000.0,12,Closed,Deposit,6896.2
CR_1107,124,1000.0,6,Closed,None,0.0
CR_1108,537,1000.0,36,Closed,Car,1329.64
CR_1109,298,25000.0,36,Closed,Deposit,22622.4
CR_1110,858,5000.0,6,Active,Real Estate,3850.74
CR_1111,2,500.0,12,Closed,Car,483.74
CR_1112,38,25000.0,6,Closed,Car,21451.46
CR_1113,511,10000.0,36,Closed,Real Estate,10046.88
CR_1114,229,5000.0,12,Default,Car,3647.8
CR_1115,478,1000.0,24,Active,Deposit,661.16
CR_1116,351,50000.0,24,Active,Deposit,72247.63
CR_1117,28,5000.0,60,Default,Car,7263.18
CR_1118,783,500.0,6,Default,Real Estate,369.51
CR_1119,756,,60,Closed,None,0.0
CR_1120,435,500.0,6,Closed,None,0.0
CR_1121,504,1000.0,24,Active,Deposit,1259.75
CR_1122,382,50000.0,6,Closed,Real Estate,57429.79
CR_1123,883,,60,Active,Deposit,0.0
CR_1124,957,25000.0,12,Active,None,0.0
CR_1125,183,25000.0,60,Closed,None,0.0
CR_1126,336,5000.0,24,Default,Deposit,6982.64
CR_1127,936,5000.0,6,Closed,Real Estate,5126.34
CR_1128,982,,36,Closed,Car,0.0
CR_1129,264,25000.0,6,Default,Real Estate,13887.62
CR_1130,858,5000.0,24,Closed,Real Estate,3137.77
CR_1131,123,1000.0,24,Default,Deposit,660.29
CR_1132,626,500.0,24,Closed,None,0.0
CR_1133,421,50000.0,24,Active,Deposit,36237.0
CR_1134,430,,36,Closed,Car,0.0
CR_1135,445,5000.0,6,Default,Deposit,2686.57
CR_1136,790,50000.0,60,Active,Car,52117.91
CR_1137,849,,24,Closed,Real Estate,0.0
CR_1138,898,10000.0,6,Closed,None,0.0
CR_1139,524,,24,Default,Real Estate,0.0
CR_1140,328,50000.0,24,Closed,None,0.0
CR_1141,987,500.0,24,Default,None,0.0
CR_1142,199,10000.0,60,Default,None,0.0
CR_1143,259,1000.0,60,Default,None,0.0
CR_1144,478,500.0,36,Default,Car,586.81
CR_1145,29,10000.0,36,Active,Car,6096.35
CR_1146,60,10000.0,36,Active,Real Estate,14196.58
CR_1147,295,50000.0,6,Active,None,0.0
CR_1148,839,1000.0,6,Closed,Car,1260.55
CR_1149,792,1000.0,6,Closed,Real Estate,1129.68
CR_1150,260,500.0,36,Default,Deposit,636.88
CR_1151,73,1000.0,60,Closed,None,0.0
CR_1152,371,500.0,60,Default,Car,683.99
CR_1153,159,1000.0,60,Closed,Car,860.45
CR_1154,46,1000.0,60,Closed,Car,1319.13
CR_1155,920,50000.0,60,Default,None,0.0
CR_1156,254,50000.0,12,Default,Real Estate,25452.15
CR_1157,268,1000.0,36,Default,Car,847.88
CR_1158,672,50000.0,6,Closed,Deposit,54446.19
CR_1159,86,50000.0,12,Closed,Real Estate,55148.3
CR_1160,825,500.0,24,Active,None,0.0
CR_1161,314,,60,Closed,Deposit,0.0
CR_1162,18,1000.0,36,Active,None,0.0
CR_1163,913,25000.0,36,Closed,None,0.0
CR_1164,649,10000.0,6,Closed,None,0.0
CR_1165,977,50000.0,60,Default,Deposit,71353.07
CR_1166,86,25000.0,36,Active,Car,32908.75
CR_1167,75,50000.0,12,Default,None,0.0
CR_1168,14,500.0,60,Default,None,0.0
CR_1169,525,50000.0,12,Active,None,0.0
CR_1170,375,,6,Closed,Car,0.0
CR_1171,113,25000.0,60,Default,None,0.0
CR_1172,818,10000.0,24,Active,Real Estate,5988.44
CR_1173,786,10000.0,36,Default,None,0.0
CR_1174,412,5000.0,60,Active,Deposit,6282.62
CR_1175,255,25000.0,60,Default,Real Estate,24610.92
CR_1176,319,1000.0,12,Closed,Real Estate,610.94
CR_1177,571,,12,Closed,Real Estate,0.0
CR_1178,783,25000.0,12,Closed,Deposit,30111.49
CR_1179,299,1000.0,24,Default,Car,805.22
CR_1180,846,1000.0,36,Closed,Real Estate,855.95
CR_1181,335,10000.0,6,Default,Real Estate,8095.25
CR_1182,690,500.0,60,Closed,Real Estate,734.26
CR_1183,159,50000.0,6,Closed,Deposit,33531.81
CR_1184,500,1000.0,36,Default,Deposit,1259.4
CR_1185,37,50000.0,60,Closed,None,0.0
CR_1186,60,50000.0,36,Closed,Deposit,51470.4
CR_1187,798,25000.0,24,Default,Car,12838.46
CR_1188,462,50000.0,24,Closed,Deposit,37539.48
CR_1189,649,,12,Active,Real Estate,0.0
CR_1190,529,5000.0,24,Default,Car,2593.35
CR_1191,898,500.0,24,Active,Real Estate,364.04
CR_1192,840,1000.0,60,Active,Deposit,673.16
CR_1193,244,1000.0,24,Active,Real Estate,839.93
CR_1194,303,500.0,36,Active,Car,528.72
CR_1195,247,1000.0,36,Default,None,0.0
CR_1196,457,50000.0,12,Default,Real Estate,39620.11
CR_1197,738,25000.0,60,Active,None,0.0
CR_1198,339,500.0,12,Active,None,0.0
CR_1199,787,,60,Default,Deposit,0.0
CR_1200,472,1000.0,6,Default,None,0.0
CR_1201,345,,24,Active,None,0.0
CR_1202,635,1000.0,60,Default,Car,1244.13
CR_1203,125,500.0,60,Closed,Deposit,458.42
CR_1204,826,5000.0,6,Closed,Car,4345.58
CR_1205,21,5000.0,60,Closed,Deposit,6694.48
CR_1206,296,,12,Active,Car,0.0
CR_1207,352,5000.0,12,Active,Car,4488.29
CR_1208,612,,36,Closed,Real Estate,0.0
CR_1209,426,25000.0,36,Closed,Real Estate,36490.3
CR_1210,213,25000.0,24,Active,None,0.0
CR_1211,690,25000.0,36,Default,Car,16043.07
CR_1212,86,10000.0,24,Closed,Car,14871.56
CR_1213,100,25000.0,12,Closed,Car,30973.58
CR_1214,814,50000.0,36,Closed,Real Estate,67593.43
CR_1215,16,10000.0,24,Active,Real Estate,5076.38
CR_1216,922,,24,Default,Deposit,0.0
CR_1217,418,1000.0,12,Default,Deposit,1299.02
CR_1218,860,10000.0,6,Closed,None,0.0
CR_1219,40,1000.0,60,Active,Car,1026.27
CR_1220,98,5000.0,6,Default,Deposit,3682.01
CR_1221,321,1000.0,36,Default,None,0.0
CR_1222,413,,6,Active,Real Estate,0.0
CR_1223,830,5000.0,24,Active,None,0.0
CR_1224,1000,1000.0,12,Active,None,0.0
CR_1225,349,50000.0,12,Active,Deposit,33558.01
CR_1226,155,500.0,60,Closed,Real Estate,527.26
CR_1227,409,5000.0,12,Active,Car,6773.11
CR_1228,14,50000.0,60,Closed,Real Estate,43611.2
CR_1229,303,10000.0,24,Default,Real Estate,6314.29
CR_1230,588,1000.0,36,Active,None,0.0
CR_1231,641,,6,Default,Real Estate,0.0
CR_1232,525,10000.0,24,Default,Car,6582.13
CR_1233,451,25000.0,36,Active,Real Estate,25205.29
CR_1234,387,1000.0,24,Default,None,0.0
CR_1235,972,25000.0,6,Default,Real Estate,16628.86
CR_1236,583,50000.0,36,Closed,Real Estate,41296.79
CR_1237,290,5000.0,60,Closed,Car,6678.76
CR_1238,633,50000.0,6,Default,Real Estate,32808.59
CR_1239,142,,12,Default,Real Estate,0.0
CR_1240,505,1000.0,60,Default,Deposit,1096.56
CR_1241,718,5000.0,60,Closed,None,0.0
CR_1242,931,10000.0,6,Default,Deposit,13597.45
CR_1243,489,1000.0,12,Active,Real Estate,695.44
CR_1244,30,50000.0,12,Closed,Real Estate,45913.94
CR_1245,98,5000.0,36,Default,Real Estate,6092.34
CR_1246,97,1000.0,12,Closed,Real Estate,1058.81
CR_1247,108,1000.0,12,Closed,None,0.0
CR_1248,113,50000.0,6,Default,Deposit,72808.52
CR_1249,29,500.0,36,Default,Real Estate,446.77
CR_1250,937,50000.0,36,Default,None,0.0
CR_1251,352,50000.0,60,Active,Car,59863.67
CR_1252,94,500.0,60,Active,None,0.0
CR_1253,366,1000.0,60,Active,None,0.0
CR_1254,300,,60,Active,Real Estate,0.0
CR_1255,839,1000.0,24,Default,None,0.0
CR_1256,324,,36,Active,Deposit,0.0
CR_1257,572,500.0,36,Default,Car,392.71
CR_1258,476,1000.0,6,Default,Real Estate,1017.01
CR_1259,537,500.0,12,Default,Deposit,355.97
CR_1260,632,,24,Default,Deposit,0.0
CR_1261,275,10000.0,24,Active,None,0.0
CR_1262,84,5000.0,36,Active,None,0.0
CR_1263,28,,24,Closed,Deposit,0.0
CR_1264,251,25000.0,12,Closed,Real Estate,15807.15
CR_1265,530,10000.0,36,Closed,Real Estate,12275.62
CR_1266,257,5000.0,24,Default,Real Estate,3407.28
CR_1267,127,10000.0,36,Default,None,0.0
CR_1268,169,,60,Active,Car,0.0
CR_1269,784,1000.0,12,Default,Real Estate,1447.82
CR_1270,444,50000.0,60,Closed,Deposit,44963.66
CR_1271,470,10000.0,12,Closed,Real Estate,10833.73
CR_1272,804,,24,Closed,Deposit,0.0
CR_1273,620,,36,Active,Car,0.0
CR_1274,264,1000.0,24,Closed,Real Estate,953.73
CR_1275,66,50000.0,60,Closed,Real Estate,55014.53
CR_1276,851,50000.0,12,Closed,Real Estate,45497.31
CR_1277,48,10000.0,12,Active,Car,14608.53
CR_1278,287,,36,Closed,None,0.0
CR_1279,347,50000.0,24,Closed,Deposit,61126.67
CR_1280,658,50000.0,12,Active,Real Estate,52408.54
CR_1281,751,500.0,24,Default,Real Estate,253.83
CR_1282,5,,24,Closed,Car,0.0
CR_1283,397,5000.0,12,Active,None,0.0
CR_1284,322,10000.0,36,Default,None,0.0
CR_1285,603,5000.0,24,Default,Deposit,2784.1
CR_1286,506,25000.0,24,Active,Real Estate,24612.16
CR_1287,828,,6,Active,Real Estate,0.0
CR_1288,326,50000.0,6,Default,None,0.0
CR_1289,472,5000.0,24,Closed,Deposit,2978.19
CR_1290,670,,12,Closed,Deposit,0.0
CR_1291,767,500.0,6,Default,Real Estate,655.87
CR_1292,290,10000.0,6,Closed,Deposit,7257.56
CR_1293,762,5000.0,6,Default,Car,6183.96
CR_1294,145,500.0,60,Closed,Deposit,440.56
CR_1295,788,10000.0,12,Default,Car,10037.93
CR_1296,252,500.0,12,Default,Car,477.81
CR_1297,496,,24,Closed,None,0.0
CR_1298,945,,36,Default,Deposit,0.0
CR_1299,399,25000.0,36,Active,Car,19804.42
CR_1300,972,10000.0,6,Closed,Real Estate,6535.33
CR_1301,571,500.0,36,Default,None,0.0
CR_1302,195,10000.0,60,Closed,Real Estate,14984.62
CR_1303,520,1000.0,24,Closed,Deposit,1010.19
CR_1304,344,10000.0,60,Active,Deposit,7750.24
CR_1305,632,5000.0,6,Closed,Real Estate,4963.4
CR_1306,861,1000.0,36,Active,None,0.0
CR_1307,399,5000.0,36,Default,Car,5200.49
CR_1308,832,1000.0,12,Closed,Deposit,1103.94
CR_1309,873,1000.0,6,Default,Deposit,1165.87
CR_1310,386,50000.0,60,Default,Car,48998.99
CR_1311,134,25000.0,6,Closed,Real Estate,33156.74
CR_1312,264,500.0,12,Default,None,0.0
CR_1313,91,1000.0,12,Active,Deposit,1323.88
CR_1314,783,,60,Active,Real Estate,0.0
CR_1315,258,50000.0,12,Active,None,0.0
CR_1316,920,25000.0,12,Default,Car,22482.04
CR_1317,225,5000.0,6,Closed,Real Estate,4990.44
CR_1318,214,50000.0,24,Default,Car,28887.82
CR_1319,81,500.0,60,Active,Deposit,331.8
CR_1320,347,10000.0,36,Closed,Deposit,9517.54
CR_1321,62,5000.0,24,Active,Car,7370.23
CR_1322,724,5000.0,36,Active,Real Estate,3770.23
CR_1323,497,25000.0,12,Active,Real Estate,30926.46
CR_1324,115,1000.0,24,Closed,Car,936.59
CR_1325,976,50000.0,6,Closed,Real Estate,57204.78
CR_1326,700,10000.0,6,Default,Deposit,10113.67
CR_1327,531,500.0,24,Closed,Car,662.87
CR_1328,147,50000.0,6,Default,Car,43267.71
CR_1329,896,5000.0,36,Closed,Car,4954.46
CR_1330,565,50000.0,12,Closed,Real Estate,61387.44
CR_1331,894,25000.0,12,Default,Car,28560.16
CR_1332,151,500.0,12,Closed,None,0.0
CR_1333,720,,24,Active,Real Estate,0.0
CR_1334,908,10000.0,24,Default,Car,11577.35
CR_1335,825,25000.0,36,Closed,None,0.0
CR_1336,317,10000.0,60,Default,Car,12739.06
CR_1337,928,,60,Default,Deposit,0.0
CR_1338,875,500.0,6,Active,Car,376.07
CR_1339,161,500.0,36,Default,Car,348.5
CR_1340,158,5000.0,60,Closed,None,0.0
CR_1341,560,10000.0,36,Closed,Real Estate,11283.58
CR_1342,416,500.0,60,Default,None,0.0
CR_1343,807,10000.0,6,Active,None,0.0
CR_1344,676,5000.0,60,Default,Car,7432.2
CR_1345,157,,24,Active,Car,0.0
CR_1346,989,5000.0,60,Active,Real Estate,4124.27
CR_1347,945,1000.0,60,Default,Car,564.14
CR_1348,272,10000.0,36,Closed,None,0.0
CR_1349,193,5000.0,36,Default,Real Estate,6089.36
CR_1350,29,50000.0,60,Closed,Deposit,72227.35
CR_1351,124,,24,Active,None,0.0
CR_1352,73,10000.0,6,Closed,Deposit,10815.43
CR_1353,823,,60,Closed,None,0.0
CR_1354,301,500.0,12,Active,None,0.0
CR_1355,883,500.0,24,Closed,Deposit,743.69
CR_1356,446,,36,Closed,Car,0.0
CR_1357,375,500.0,12,Closed,None,0.0
CR_1358,336,25000.0,6,Active,Deposit,30585.32
CR_1359,371,25000.0,60,Default,Real Estate,20862.79
CR_1360,253,,24,Default,Deposit,0.0
CR_1361,170,500.0,24,Default,Real Estate,491.46
CR_1362,30,,12,Active,Deposit,0.0
CR_1363,138,5000.0,6,Default,Deposit,5322.11
CR_1364,890,1000.0,60,Default,None,0.0
CR_1365,742,5000.0,6,Default,Deposit,5073.48
CR_1366,247,25000.0,60,Closed,None,0.0
CR_1367,896,5000.0,12,Active,None,0.0
CR_1368,935,50000.0,24,Active,None,0.0
CR_1369,246,25000.0,12,Closed,Car,21486.29
CR_1370,745,1000.0,6,Closed,Deposit,1177.12
CR_1371,419,10000.0,6,Active,Car,10420.55
CR_1372,370,50000.0,24,Default,Real Estate,53147.03
CR_1373,168,25000.0,60,Active,Real Estate,33347.94
CR_1374,828,50000.0,36,Closed,Real Estate,64937.25
CR_1375,620,500.0,12,Default,Car,726.32
CR_1376,885,50000.0,12,Closed,Deposit,30273.18
CR_1377,924,50000.0,24,Closed,Car,46042.05
CR_1378,142,5000.0,60,Closed,Deposit,7481.92
CR_1379,546,1000.0,24,Default,None,0.0
CR_1380,407,500.0,36,Active,Car,318.15
CR_1381,606,500.0,36,Closed,None,0.0
CR_1382,46,1000.0,24,Default,Deposit,1326.08
CR_1383,768,5000.0,24,Closed,Deposit,2707.23
CR_1384,847,5000.0,60,Default,Deposit,5879.09
CR_1385,545,5000.0,6,Closed,Car,2950.46
CR_1386,168,25000.0,24,Closed,Car,31400.88
CR_1387,823,25000.0,60,Default,Deposit,35337.97
CR_1388,511,25000.0,60,Active,Car,27689.51
CR_1389,602,1000.0,36,Active,Real Estate,1182.62
CR_1390,955,10000.0,6,Default,Deposit,9740.89
CR_1391,721,10000.0,6,Closed,Car,9781.89
CR_1392,829,5000.0,36,Default,Real Estate,7397.69
CR_1393,494,500.0,24,Default,Deposit,413.3
CR_1394,613,,6,Default,None,0.0
CR_1395,918,1000.0,24,Active,Deposit,1285.0
CR_1396,579,25000.0,60,Default,Deposit,26782.81
CR_1397,21,5000.0,6,Active,None,0.0
CR_1398,834,50000.0,24,Active,Real Estate,25589.0
CR_1399,336,1000.0,60,Active,Car,1195.13
CR_1400,442,,36,Default,Car,0.0
CR_1401,849,25000.0,36,Active,Real Estate,17536.21
CR_1402,927,,6,Active,Car,0.0
CR_1403,652,,12,Active,None,0.0
CR_1404,379,10000.0,24,Active,Real Estate,5109.44
CR_1405,96,50000.0,36,Default,None,0.0
CR_1406,677,5000.0,60,Active,Deposit,3247.49
CR_1407,609,25000.0,60,Default,None,0.0
CR_1408,516,1000.0,6,Default,Real Estate,766.06
CR_1409,139,,24,Closed,Deposit,0.0
CR_1410,188,5000.0,36,Closed,None,0.0
CR_1411,29,25000.0,60,Default,Real Estate,31470.32
CR_1412,890,500.0,60,Closed,None,0.0
CR_1413,56,1000.0,36,Closed,Real Estate,1043.82
CR_1414,610,50000.0,6,Closed,None,0.0
CR_1415,977,,6,Active,None,0.0
CR_1416,662,,12,Default,Real Estate,0.0
CR_1417,934,25000.0,12,Active,None,0.0
CR_1418,631,10000.0,12,Default,Car,13804.37
CR_1419,756,10000.0,24,Active,Real Estate,7853.74
CR_1420,28,5000.0,24,Default,Deposit,4363.22
CR_1421,536,5000.0,36,Active,Car,6507.65
CR_1422,821,,36,Default,None,0.0
CR_1423,743,25000.0,6,Closed,Real Estate,17437.8
CR_1424,742,25000.0,24,Active,Real Estate,13852.36
CR_1425,382,25000.0,36,Closed,None,0.0
CR_1426,631,25000.0,12,Closed,Car,32670.5
CR_1427,371,,60,Default,Car,0.0
CR_1428,387,5000.0,6,Default,None,0.0
CR_1429,618,25000.0,6,Default,Real Estate,23462.23
CR_1430,296,1000.0,24,Active,Deposit,1275.0
CR_1431,449,50000.0,6,Closed,None,0.0
CR_1432,893,,6,Active,Deposit,0.0
CR_1433,188,1000.0,12,Default,Deposit,600.34
CR_1434,168,1000.0,24,Closed,Deposit,524.6
CR_1435,280,25000.0,24,Default,None,0.0
CR_1436,941,5000.0,36,Default,Deposit,6657.9
CR_1437,583,50000.0,60,Active,Car,58669.65
CR_1438,409,25000.0,36,Closed,Real Estate,23876.31
CR_1439,461,,6,Default,Deposit,0.0
CR_1440,615,,36,Active,Real Estate,0.0
CR_1441,86,,6,Closed,Deposit,0.0
CR_1442,213,5000.0,12,Active,Car,5769.89
CR_1443,84,500.0,60,Active,Deposit,534.36
CR_1444,711,,60,Default,None,0.0
CR_1445,508,50000.0,36,Active,Deposit,50133.95
CR_1446,28,25000.0,6,Default,Real Estate,34636.46
CR_1447,387,500.0,60,Default,Real Estate,553.15
CR_1448,201,10000.0,60,Active,None,0.0
CR_1449,60,5000.0,6,Default,Car,2875.26
CR_1450,18,25000.0,36,Closed,Car,22157.67
CR_1451,981,25000.0,60,Active,None,0.0
CR_1452,169,500.0,36,Active,None,0.0
CR_1453,12,50000.0,60,Active,Real Estate,56025.62
CR_1454,359,500.0,12,Active,None,0.0
CR_1455,882,50000.0,12,Default,Real Estate,37709.83
CR_1456,287,5000.0,36,Closed,Car,4909.95
CR_1457,653,50000.0,6,Active,Car,35019.31
CR_1458,527,500.0,36,Closed,Car,558.96
CR_1459,379,1000.0,12,Closed,Car,955.09
CR_1460,724,10000.0,12,Closed,Real Estate,11168.96
CR_1461,305,10000.0,24,Closed,Real Estate,12564.8
CR_1462,155,,12,Active,Deposit,0.0
CR_1463,87,1000.0,12,Closed,None,0.0
CR_1464,217,1000.0,24,Closed,Car,854.65
CR_1465,812,1000.0,12,Closed,Deposit,574.85
CR_1466,622,10000.0,60,Closed,None,0.0
CR_1467,254,1000.0,6,Default,Deposit,1491.84
CR_1468,211,5000.0,36,Closed,None,0.0
CR_1469,71,25000.0,36,Active,Deposit,16574.53
CR_1470,111,50000.0,24,Closed,None,0.0
CR_1471,383,1000.0,12,Default,Real Estate,1100.33
CR_1472,780,1000.0,6,Active,Real Estate,1340.06
CR_1473,330,,6,Closed,Deposit,0.0
CR_1474,617,10000.0,6,Closed,Deposit,10846.02
CR_1475,554,10000.0,36,Active,Real Estate,9263.09
CR_1476,728,5000.0,12,Active,Car,2919.21
CR_1477,91,10000.0,36,Closed,None,0.0
CR_1478,209,25000.0,24,Closed,Car,20022.88
CR_1479,561,1000.0,36,Active,Real Estate,1003.94
CR_1480,256,,12,Default,Deposit,0.0
CR_1481,589,5000.0,6,Active,Deposit,3452.13
CR_1482,510,50000.0,24,Default,Deposit,36135.36
CR_1483,558,25000.0,36,Closed,Real Estate,28075.66
CR_1484,639,10000.0,60,Active,None,0.0
CR_1485,784,,60,Default,Deposit,0.0
CR_1486,472,5000.0,24,Active,None,0.0
CR_1487,574,1000.0,24,Default,Deposit,795.58
CR_1488,593,1000.0,36,Closed,Deposit,732.8
CR_1489,374,1000.0,6,Closed,None,0.0
CR_1490,908,,12,Default,Real Estate,0.0
CR_1491,588,500.0,24,Closed,Car,503.62
CR_1492,363,50000.0,60,Closed,Car,49619.96
CR_1493,455,10000.0,24,Default,Real Estate,13795.71
CR_1494,405,500.0,24,Closed,Car,423.33
CR_1495,392,10000.0,36,Default,None,0.0
CR_1496,64,,60,Closed,Deposit,0.0
CR_1497,925,10000.0,60,Active,Car,7919.92
CR_1498,585,5000.0,36,Default,Real Estate,6614.67
CR_1499,887,25000.0,12,Default,None,0.0
CR_1500,47,,60,Default,Deposit,0.0
