client_id,name,age,job,city
1,CLIENT_1   ,49,Pensioner,hardt
2,Client_2,44,Seller,Hardt
3,Client_3,41,IT Specialist,Frankfurt
4,Client_4,16,Student,Tuttlingen
5,Client_5,39,Sportsman,Baden-Baden
6,Client_6,22,IT Specialist,Hardt
7,Client_7,65,Driver,VS
8,Client_8,53,Manager,Sulgen
9,Client_9,19,Pensioner,Bratslaw
10,Client_10,31,Student,Hamburg
11,CLIENT_11   ,47,Student,Baden-Baden
12,Client_12,25,Director,Rottweil
13,Client_13,63,Teacher,VS
14,Client_14,53,Police worker,Frankfurt
15,Client_15,23,Seller,Tuttlingen
16,Client_16,21,Manager,hardt
17,Client_17,49,Brewer,Munich
18,Client_18,51,IT Specialist,Frankfurt
19,Client_19,73,Seller,Berlin
20,Client_20,44,Manager,Bratslaw
21,CLIENT_21   ,75,Manager,Schramberg
22,Client_22,17,Seller,Frankfurt
23,Client_23,66,Sportsman,Hardt
24,Client_24,69,Driver,  Stuttgart
25,Client_25,36,Seller,Frankfurt
26,Client_26,59,Engineer,Sulgen
27,Client_27,36,Pensioner,Dunningen
28,Client_28,59,Unemployed,Hardt
29,Client_29,64,Driver,Rottweil
30,Client_30,73,Brewer,Munich
31,CLIENT_31   ,57,Student,rottweil
32,Client_32,26,Brewer,Dunningen
33,Client_33,72,Student,Hardt
34,Client_34,41,Police worker,Offenburg
35,Client_35,34,Teacher,Frankfurt
36,Client_36,61,Student,Offenburg
37,Client_37,41,Teacher,Rottweil
38,Client_38,36,Teacher,Rottweil
39,Client_39,59,Sportsman,Berlin
40,Client_40,74,Director,Offenburg
41,CLIENT_41   ,72,Seller,Bratslaw
42,Client_42,34,Seller,Hardt
43,Client_43,70,Seller,Offenburg
44,Client_44,53,Unemployed,Frankfurt
45,Client_45,47,Engineer,Frankfurt
46,Client_46,34,Brewer,rottweil
47,Client_47,21,Seller,Munich
48,Client_48,47,Police worker,Frankfurt
49,Client_49,66,Pensioner,Berlin
50,Client_50,34,Security,Baden-Baden
51,CLIENT_51   ,28,Student,Rottweil
52,Client_52,48,Unemployed,Frankfurt
53,Client_53,73,Police worker,Frankfurt
54,Client_54,54,Brewer,Dunningen
55,Client_55,19,Brewer,Bratslaw
56,Client_56,23,Engineer,VS
57,Client_57,33,Teacher,Hamburg
58,Client_58,67,Driver,Frankfurt
59,Client_59,47,Brewer,Munich
60,Client_60,50,Manager,  Stuttgart
61,CLIENT_61   ,48,Sportsman,stuttgart
62,Client_62,57,IT Specialist,Frankfurt
63,Client_63,26,Manager,Schramberg
64,Client_64,40,Pensioner,Tuttlingen
65,Client_65,41,Unemployed,Frankfurt
66,Client_66,31,Police worker,Frankfurt
67,Client_67,57,Security,Berlin
68,Client_68,37,Brewer,Schramberg
69,Client_69,73,Brewer,Bratslaw
70,Client_70,38,Unemployed,Dunningen
71,CLIENT_71   ,47,Security,Dunningen
72,Client_72,45,Student,Frankfurt
73,Client_73,29,Pensioner,VS
74,Client_74,47,Driver,Offenburg
75,Client_75,71,Student,Hardt
76,Client_76,69,Police worker,dunningen
77,Client_77,73,Engineer,Rottweil
78,Client_78,38,Brewer,  Stuttgart
79,Client_79,73,Teacher,Frankfurt
80,Client_80,57,Sportsman,Tuttlingen
81,CLIENT_81   ,30,Unemployed,Munich
82,Client_82,26,Manager,Frankfurt
83,Client_83,18,Driver,Frankfurt
84,Client_84,42,Brewer,Hamburg
85,Client_85,69,Police worker,Bratslaw
86,Client_86,43,Police worker,Bratslaw
87,Client_87,75,Sportsman,Sulgen
88,Client_88,38,Brewer,Tuttlingen
89,Client_89,71,Sportsman,Frankfurt
90,Client_90,64,IT Specialist,Schramberg
91,CLIENT_91   ,20,Driver,frankfurt
92,Client_92,55,Seller,Sulgen
93,Client_93,53,Unemployed,Frankfurt
94,Client_94,36,Brewer,Dunningen
95,Client_95,41,Manager,Schramberg
96,Client_96,37,Student,Dunningen
97,Client_97,51,Engineer,Tuttlingen
98,Client_98,23,Manager,Hamburg
99,Client_99,29,Student,Frankfurt
100,Client_100,39,Driver,Offenburg
101,CLIENT_101   ,16,Student,VS
102,Client_102,44,Pensioner,Sulgen
103,Client_103,34,Unemployed,Offenburg
104,Client_104,28,Police worker,Schramberg
105,Client_105,38,Driver,Dunningen
106,Client_106,18,Security,sulgen
107,Client_107,31,Security,  Stuttgart
108,Client_108,53,Seller,Bratslaw
109,Client_109,52,Student,Hamburg
110,Client_110,57,Unemployed,Offenburg
111,CLIENT_111   ,66,Police worker,Dunningen
112,Client_112,67,Teacher,Munich
113,Client_113,53,Seller,Hamburg
114,Client_114,75,Pensioner,Schramberg
115,Client_115,50,Director,VS
116,Client_116,65,Driver,Bratslaw
117,Client_117,47,Manager,Rottweil
118,Client_118,23,Security,Dunningen
119,Client_119,49,Teacher,Schramberg
120,Client_120,52,Engineer,Munich
121,CLIENT_121   ,75,Police worker,rottweil
122,Client_122,29,Engineer,Tuttlingen
123,Client_123,45,Manager,Berlin
124,Client_124,31,Manager,Tuttlingen
125,Client_125,63,Engineer,Frankfurt
126,Client_126,22,Manager,Bratslaw
127,Client_127,52,Sportsman,Berlin
128,Client_128,20,Engineer,VS
129,Client_129,37,Police worker,Tuttlingen
130,Client_130,55,Driver,Hamburg
131,CLIENT_131   ,22,Unemployed,Hardt
132,Client_132,22,Driver,Rottweil
133,Client_133,21,IT Specialist,Schramberg
134,Client_134,68,Manager,VS
135,Client_135,39,Seller,Offenburg
136,Client_136,56,Sportsman,offenburg
137,Client_137,69,Sportsman,Bratslaw
138,Client_138,26,Engineer,Bratslaw
139,Client_139,34,Security,Offenburg
140,Client_140,17,Seller,Dunningen
141,CLIENT_141   ,68,Unemployed,Frankfurt
142,Client_142,59,Director,Offenburg
143,Client_143,35,Engineer,Dunningen
144,Client_144,57,Driver,  Stuttgart
145,Client_145,43,Police worker,Frankfurt
146,Client_146,40,Unemployed,Offenburg
147,Client_147,64,Student,VS
148,Client_148,47,Director,Offenburg
149,Client_149,45,Brewer,Schramberg
150,Client_150,57,Driver,Munich
151,CLIENT_151   ,54,IT Specialist,hardt
152,Client_152,23,Police worker,  Stuttgart
153,Client_153,34,Sportsman,Tuttlingen
154,Client_154,68,Seller,Offenburg
155,Client_155,51,Security,Baden-Baden
156,Client_156,60,Police worker,Tuttlingen
157,Client_157,69,Sportsman,Offenburg
158,Client_158,72,Director,VS
159,Client_159,65,Manager,Offenburg
160,Client_160,34,Manager,Frankfurt
161,CLIENT_161   ,37,Manager,Offenburg
162,Client_162,61,Driver,Hardt
163,Client_163,74,Driver,Dunningen
164,Client_164,70,Director,Frankfurt
165,Client_165,69,Manager,Offenburg
166,Client_166,38,Director,hardt
167,Client_167,30,Security,Baden-Baden
168,Client_168,19,Security,  Stuttgart
169,Client_169,75,Student,Rottweil
170,Client_170,29,Manager,Frankfurt
171,CLIENT_171   ,43,Pensioner,Frankfurt
172,Client_172,70,Police worker,Dunningen
173,Client_173,45,Seller,Dunningen
174,Client_174,70,Manager,Schramberg
175,Client_175,33,Brewer,Berlin
176,Client_176,17,Engineer,Baden-Baden
177,Client_177,42,Driver,Tuttlingen
178,Client_178,54,Unemployed,Tuttlingen
179,Client_179,19,Sportsman,Hamburg
180,Client_180,44,Teacher,Hardt
181,CLIENT_181   ,32,IT Specialist,schramberg
182,Client_182,42,Police worker,Munich
183,Client_183,59,IT Specialist,Berlin
184,Client_184,60,Unemployed,Dunningen
185,Client_185,42,Engineer,Rottweil
186,Client_186,48,Student,  Stuttgart
187,Client_187,25,IT Specialist,Hardt
188,Client_188,54,Student,Hardt
189,Client_189,37,Police worker,Baden-Baden
190,Client_190,50,Director,Rottweil
191,CLIENT_191   ,27,IT Specialist,Frankfurt
192,Client_192,26,Teacher,VS
193,Client_193,27,Manager,VS
194,Client_194,57,Security,Tuttlingen
195,Client_195,52,Driver,Hardt
196,Client_196,45,Driver,berlin
197,Client_197,37,Engineer,Rottweil
198,Client_198,45,Teacher,Offenburg
199,Client_199,69,Sportsman,Baden-Baden
200,Client_200,70,Unemployed,Frankfurt
201,CLIENT_201   ,29,Engineer,Munich
202,Client_202,23,Unemployed,Dunningen
203,Client_203,32,IT Specialist,Frankfurt
204,Client_204,38,Director,Dunningen
205,Client_205,37,Seller,Schramberg
206,Client_206,74,Unemployed,Hamburg
207,Client_207,39,Security,Frankfurt
208,Client_208,29,Sportsman,Schramberg
209,Client_209,24,Pensioner,Hamburg
210,Client_210,16,Seller,Baden-Baden
211,CLIENT_211   ,47,Driver,berlin
212,Client_212,75,Student,Tuttlingen
213,Client_213,51,Security,Frankfurt
214,Client_214,33,Driver,Offenburg
215,Client_215,23,Pensioner,Berlin
216,Client_216,67,IT Specialist,Frankfurt
217,Client_217,39,Pensioner,Berlin
218,Client_218,65,Police worker,Frankfurt
219,Client_219,26,Unemployed,Frankfurt
220,Client_220,37,Driver,Hardt
221,CLIENT_221   ,30,Driver,Munich
222,Client_222,69,Driver,Hardt
223,Client_223,57,IT Specialist,  Stuttgart
224,Client_224,71,Unemployed,  Stuttgart
225,Client_225,38,Driver,Sulgen
226,Client_226,30,Seller,munich
227,Client_227,50,Teacher,Berlin
228,Client_228,53,Police worker,Schramberg
229,Client_229,21,IT Specialist,Hardt
230,Client_230,35,IT Specialist,Baden-Baden
231,CLIENT_231   ,40,Seller,Baden-Baden
232,Client_232,21,Engineer,Rottweil
233,Client_233,39,Sportsman,Dunningen
234,Client_234,53,Teacher,Tuttlingen
235,Client_235,66,Unemployed,Dunningen
236,Client_236,69,Pensioner,Dunningen
237,Client_237,24,Unemployed,  Stuttgart
238,Client_238,42,Brewer,VS
239,Client_239,24,Brewer,  Stuttgart
240,Client_240,60,Student,Munich
241,CLIENT_241   ,62,Seller,berlin
242,Client_242,41,Student,Berlin
243,Client_243,48,Seller,Bratslaw
244,Client_244,26,Director,Frankfurt
245,Client_245,21,Seller,Frankfurt
246,Client_246,44,Unemployed,Frankfurt
247,Client_247,70,Unemployed,Tuttlingen
248,Client_248,16,Manager,Offenburg
249,Client_249,22,Manager,Tuttlingen
250,Client_250,22,Security,Tuttlingen
251,CLIENT_251   ,51,Unemployed,Frankfurt
252,Client_252,56,Unemployed,Tuttlingen
253,Client_253,41,IT Specialist,Schramberg
254,Client_254,75,Brewer,Dunningen
255,Client_255,64,Teacher,Frankfurt
256,Client_256,32,Seller,baden-baden
257,Client_257,58,Brewer,  Stuttgart
258,Client_258,51,Seller,Dunningen
259,Client_259,37,Engineer,Berlin
260,Client_260,43,Engineer,Baden-Baden
261,CLIENT_261   ,59,Director,Dunningen
262,Client_262,29,Director,VS
263,Client_263,75,Sportsman,Frankfurt
264,Client_264,73,Driver,Frankfurt
265,Client_265,29,Pensioner,Offenburg
266,Client_266,72,Manager,Frankfurt
267,Client_267,35,Pensioner,Hamburg
268,Client_268,42,Driver,Dunningen
269,Client_269,17,Pensioner,Schramberg
270,Client_270,75,Engineer,Munich
271,CLIENT_271   ,29,Sportsman,stuttgart
272,Client_272,32,Director,Baden-Baden
273,Client_273,17,Manager,Offenburg
274,Client_274,40,Pensioner,VS
275,Client_275,34,Director,Rottweil
276,Client_276,75,Teacher,Tuttlingen
277,Client_277,48,Teacher,Munich
278,Client_278,28,Student,Berlin
279,Client_279,42,Unemployed,Rottweil
280,Client_280,49,IT Specialist,Berlin
281,CLIENT_281   ,50,Director,Schramberg
282,Client_282,53,Security,VS
283,Client_283,69,IT Specialist,Hamburg
284,Client_284,40,Director,  Stuttgart
285,Client_285,70,Sportsman,Baden-Baden
286,Client_286,75,IT Specialist,baden-baden
287,Client_287,19,Unemployed,Bratslaw
288,Client_288,62,Security,Rottweil
289,Client_289,27,Student,Tuttlingen
290,Client_290,27,Driver,  Stuttgart
291,CLIENT_291   ,37,Driver,Frankfurt
292,Client_292,42,Brewer,Tuttlingen
293,Client_293,75,Police worker,Frankfurt
294,Client_294,70,Security,Hardt
295,Client_295,50,Security,Offenburg
296,Client_296,57,Pensioner,Dunningen
297,Client_297,63,Driver,Sulgen
298,Client_298,38,IT Specialist,Tuttlingen
299,Client_299,37,Sportsman,Frankfurt
300,Client_300,56,Manager,Baden-Baden
301,CLIENT_301   ,59,Teacher,frankfurt
302,Client_302,19,Teacher,Sulgen
303,Client_303,65,Seller,Hardt
304,Client_304,23,Pensioner,Dunningen
305,Client_305,32,Student,Schramberg
306,Client_306,75,Manager,Bratslaw
307,Client_307,28,Sportsman,Rottweil
308,Client_308,67,Manager,Berlin
309,Client_309,73,Security,Schramberg
310,Client_310,51,Manager,Bratslaw
311,CLIENT_311   ,57,Brewer,Sulgen
312,Client_312,27,Police worker,Frankfurt
313,Client_313,30,Police worker,Sulgen
314,Client_314,40,IT Specialist,Schramberg
315,Client_315,57,Teacher,Frankfurt
316,Client_316,17,Pensioner,vs
317,Client_317,63,Engineer,Frankfurt
318,Client_318,16,Student,Hamburg
319,Client_319,20,Teacher,Offenburg
320,Client_320,62,Engineer,Hardt
321,CLIENT_321   ,43,Unemployed,Hamburg
322,Client_322,63,Unemployed,Offenburg
323,Client_323,66,Driver,Frankfurt
324,Client_324,60,Brewer,Munich
325,Client_325,44,Security,VS
326,Client_326,31,Student,Frankfurt
327,Client_327,23,Student,Frankfurt
328,Client_328,48,Teacher,  Stuttgart
329,Client_329,22,Security,Baden-Baden
330,Client_330,52,IT Specialist,Dunningen
331,CLIENT_331   ,69,IT Specialist,bratslaw
332,Client_332,63,Engineer,Berlin
333,Client_333,75,Director,Berlin
334,Client_334,72,Seller,VS
335,Client_335,17,Teacher,Frankfurt
336,Client_336,54,Police worker,Berlin
337,Client_337,46,Director,Schramberg
338,Client_338,61,Director,Munich
339,Client_339,71,Unemployed,Hamburg
340,Client_340,31,Driver,Berlin
341,CLIENT_341   ,42,Brewer,Berlin
342,Client_342,66,Teacher,Frankfurt
343,Client_343,35,Manager,Offenburg
344,Client_344,30,Teacher,Frankfurt
345,Client_345,21,Driver,Sulgen
346,Client_346,43,Manager,hamburg
347,Client_347,70,Security,Tuttlingen
348,Client_348,74,Sportsman,Baden-Baden
349,Client_349,29,Police worker,Hamburg
350,Client_350,32,Engineer,Frankfurt
351,CLIENT_351   ,49,Engineer,Offenburg
352,Client_352,18,Manager,Offenburg
353,Client_353,67,Driver,Sulgen
354,Client_354,35,Director,Bratslaw
355,Client_355,53,Security,Hamburg
356,Client_356,22,Student,Tuttlingen
357,Client_357,64,Pensioner,Dunningen
358,Client_358,60,Teacher,Schramberg
359,Client_359,49,Pensioner,Baden-Baden
360,Client_360,75,Security,Hardt
361,CLIENT_361   ,45,Brewer,frankfurt
362,Client_362,70,Unemployed,Frankfurt
363,Client_363,50,Security,Berlin
364,Client_364,75,Security,Tuttlingen
365,Client_365,26,Security,Frankfurt
366,Client_366,67,IT Specialist,Frankfurt
367,Client_367,63,Unemployed,Frankfurt
368,Client_368,52,Seller,VS
369,Client_369,67,Teacher,Frankfurt
370,Client_370,62,Director,Baden-Baden
371,CLIENT_371   ,51,Driver,Bratslaw
372,Client_372,33,Driver,Offenburg
373,Client_373,28,IT Specialist,Offenburg
374,Client_374,69,Manager,  Stuttgart
375,Client_375,16,Police worker,  Stuttgart
376,Client_376,61,Police worker,frankfurt
377,Client_377,69,Teacher,Bratslaw
378,Client_378,70,Brewer,Hardt
379,Client_379,19,Manager,VS
380,Client_380,38,Seller,Berlin
381,CLIENT_381   ,66,Director,Berlin
382,Client_382,75,Driver,Berlin
383,Client_383,38,Manager,  Stuttgart
384,Client_384,33,Pensioner,Rottweil
385,Client_385,52,Security,Dunningen
386,Client_386,48,Manager,Schramberg
387,Client_387,61,Manager,Dunningen
388,Client_388,40,Student,Hamburg
389,Client_389,62,Director,Rottweil
390,Client_390,34,Seller,Bratslaw
391,CLIENT_391   ,60,Director,sulgen
392,Client_392,59,Teacher,  Stuttgart
393,Client_393,62,Director,Bratslaw
394,Client_394,73,Director,Tuttlingen
395,Client_395,35,Student,  Stuttgart
396,Client_396,54,Unemployed,VS
397,Client_397,75,IT Specialist,  Stuttgart
398,Client_398,28,Student,Hamburg
399,Client_399,40,Manager,Baden-Baden
400,Client_400,72,Pensioner,Hamburg
401,CLIENT_401   ,27,Manager,Schramberg
402,Client_402,17,Sportsman,Dunningen
403,Client_403,68,Sportsman,Sulgen
404,Client_404,28,Seller,Tuttlingen
405,Client_405,44,Pensioner,Sulgen
406,Client_406,74,Director,rottweil
407,Client_407,69,Security,Rottweil
408,Client_408,66,Police worker,Tuttlingen
409,Client_409,35,Brewer,Offenburg
410,Client_410,48,Unemployed,Hamburg
411,CLIENT_411   ,45,Teacher,Frankfurt
412,Client_412,57,Brewer,Dunningen
413,Client_413,63,Director,Frankfurt
414,Client_414,75,Manager,Frankfurt
415,Client_415,45,Student,Frankfurt
416,Client_416,74,Pensioner,Frankfurt
417,Client_417,69,Pensioner,Frankfurt
418,Client_418,46,Director,Dunningen
419,Client_419,18,IT Specialist,Hamburg
420,Client_420,72,Brewer,Dunningen
421,CLIENT_421   ,61,Sportsman,vs
422,Client_422,43,Seller,Berlin
423,Client_423,36,Unemployed,Dunningen
424,Client_424,58,Security,Sulgen
425,Client_425,72,Driver,Tuttlingen
426,Client_426,45,Seller,Rottweil
427,Client_427,36,Police worker,Munich
428,Client_428,30,Brewer,Tuttlingen
429,Client_429,65,Teacher,Frankfurt
430,Client_430,42,Brewer,Bratslaw
431,CLIENT_431   ,40,Unemployed,Baden-Baden
432,Client_432,51,Brewer,Berlin
433,Client_433,62,Director,Dunningen
434,Client_434,29,Brewer,Hardt
435,Client_435,64,Sportsman,VS
436,Client_436,56,Sportsman,frankfurt
437,Client_437,18,Unemployed,Tuttlingen
438,Client_438,59,Student,Rottweil
439,Client_439,37,Manager,Rottweil
440,Client_440,37,IT Specialist,Offenburg
441,CLIENT_441   ,44,Pensioner,VS
442,Client_442,55,Pensioner,Tuttlingen
443,Client_443,33,Engineer,Offenburg
444,Client_444,28,Police worker,Hardt
445,Client_445,52,Engineer,Berlin
446,Client_446,16,Pensioner,Frankfurt
447,Client_447,34,IT Specialist,Dunningen
448,Client_448,29,Brewer,Berlin
449,Client_449,67,Teacher,Baden-Baden
450,Client_450,21,Unemployed,Schramberg
451,CLIENT_451   ,20,Unemployed,hamburg
452,Client_452,71,Director,Hardt
453,Client_453,54,Teacher,  Stuttgart
454,Client_454,38,Manager,Sulgen
455,Client_455,50,Sportsman,Offenburg
456,Client_456,16,Sportsman,Frankfurt
457,Client_457,36,Sportsman,Hamburg
458,Client_458,25,Pensioner,Rottweil
459,Client_459,33,Brewer,Bratslaw
460,Client_460,37,Pensioner,Schramberg
461,CLIENT_461   ,52,Brewer,Baden-Baden
462,Client_462,38,Unemployed,  Stuttgart
463,Client_463,59,Brewer,Bratslaw
464,Client_464,35,Security,Frankfurt
465,Client_465,70,Teacher,Frankfurt
466,Client_466,67,Brewer,frankfurt
467,Client_467,42,Teacher,Dunningen
468,Client_468,19,Driver,Bratslaw
469,Client_469,20,Brewer,Dunningen
470,Client_470,64,Sportsman,Schramberg
471,CLIENT_471   ,28,Engineer,VS
472,Client_472,47,Sportsman,Sulgen
473,Client_473,18,Manager,Dunningen
474,Client_474,75,Student,Berlin
475,Client_475,71,Sportsman,  Stuttgart
476,Client_476,31,Security,Dunningen
477,Client_477,25,Pensioner,Bratslaw
478,Client_478,53,Director,Hamburg
479,Client_479,22,Sportsman,Munich
480,Client_480,25,Police worker,Schramberg
481,CLIENT_481   ,43,Sportsman,frankfurt
482,Client_482,43,Security,Hamburg
483,Client_483,47,Driver,Hamburg
484,Client_484,68,Police worker,Offenburg
485,Client_485,61,Director,Offenburg
486,Client_486,25,Police worker,Hardt
487,Client_487,47,Teacher,Bratslaw
488,Client_488,24,Driver,  Stuttgart
489,Client_489,39,IT Specialist,Bratslaw
490,Client_490,71,Police worker,Berlin
491,CLIENT_491   ,24,Engineer,Hamburg
492,Client_492,46,Brewer,  Stuttgart
493,Client_493,65,Unemployed,Dunningen
494,Client_494,37,Manager,Frankfurt
495,Client_495,23,Director,Dunningen
496,Client_496,33,Seller,stuttgart
497,Client_497,46,Director,Bratslaw
498,Client_498,49,IT Specialist,VS
499,Client_499,28,Student,Hamburg
500,Client_500,25,Security,Frankfurt
501,CLIENT_501   ,59,Security,Schramberg
502,Client_502,55,IT Specialist,Tuttlingen
503,Client_503,66,Seller,Baden-Baden
504,Client_504,20,Security,Frankfurt
505,Client_505,50,Security,Munich
506,Client_506,63,Director,Rottweil
507,Client_507,52,IT Specialist,Rottweil
508,Client_508,61,IT Specialist,Bratslaw
509,Client_509,37,IT Specialist,Bratslaw
510,Client_510,74,Unemployed,Sulgen
511,CLIENT_511   ,30,Driver,frankfurt
512,Client_512,19,Security,Baden-Baden
513,Client_513,16,Teacher,Schramberg
514,Client_514,42,Engineer,Tuttlingen
515,Client_515,44,Unemployed,Munich
516,Client_516,67,IT Specialist,Frankfurt
517,Client_517,54,Security,  Stuttgart
518,Client_518,16,Police worker,Hamburg
519,Client_519,71,Director,Bratslaw
520,Client_520,18,Manager,Baden-Baden
521,CLIENT_521   ,20,Driver,Baden-Baden
522,Client_522,19,Director,Berlin
523,Client_523,49,Unemployed,Offenburg
524,Client_524,48,Driver,Tuttlingen
525,Client_525,23,Driver,Schramberg
526,Client_526,64,Seller,offenburg
527,Client_527,23,Sportsman,Hardt
528,Client_528,61,Driver,Schramberg
529,Client_529,17,Manager,Hardt
530,Client_530,27,Unemployed,Baden-Baden
531,CLIENT_531   ,70,Director,VS
532,Client_532,68,Pensioner,Munich
533,Client_533,72,Teacher,Dunningen
534,Client_534,22,Security,Hardt
535,Client_535,49,Pensioner,Frankfurt
536,Client_536,44,Brewer,Sulgen
537,Client_537,39,Unemployed,Munich
538,Client_538,22,Brewer,Rottweil
539,Client_539,52,Director,Rottweil
540,Client_540,38,Engineer,  Stuttgart
541,CLIENT_541   ,55,Brewer,hamburg
542,Client_542,29,Security,Baden-Baden
543,Client_543,55,Engineer,Offenburg
544,Client_544,73,Pensioner,Bratslaw
545,Client_545,37,Teacher,Schramberg
546,Client_546,17,Director,Baden-Baden
547,Client_547,39,Sportsman,VS
548,Client_548,23,Director,Berlin
549,Client_549,70,Unemployed,Bratslaw
550,Client_550,16,Security,Offenburg
551,CLIENT_551   ,70,Security,Frankfurt
552,Client_552,74,Director,Offenburg
553,Client_553,59,Seller,Offenburg
554,Client_554,24,Manager,Tuttlingen
555,Client_555,62,Driver,Berlin
556,Client_556,21,Director,baden-baden
557,Client_557,75,Director,Schramberg
558,Client_558,21,Seller,Frankfurt
559,Client_559,31,Student,Sulgen
560,Client_560,49,Brewer,Rottweil
561,CLIENT_561   ,60,Police worker,Frankfurt
562,Client_562,17,IT Specialist,VS
563,Client_563,34,Engineer,Tuttlingen
564,Client_564,17,Manager,Bratslaw
565,Client_565,71,Security,VS
566,Client_566,70,IT Specialist,Munich
567,Client_567,22,Engineer,Munich
568,Client_568,28,Seller,Schramberg
569,Client_569,23,Security,Dunningen
570,Client_570,63,Police worker,  Stuttgart
571,CLIENT_571   ,47,Driver,vs
572,Client_572,33,Unemployed,Offenburg
573,Client_573,50,Security,Hamburg
574,Client_574,67,Manager,Hardt
575,Client_575,48,Student,Bratslaw
576,Client_576,39,Student,Baden-Baden
577,Client_577,75,Sportsman,Schramberg
578,Client_578,53,Sportsman,Frankfurt
579,Client_579,53,Police worker,  Stuttgart
580,Client_580,55,Teacher,VS
581,CLIENT_581   ,38,Seller,Bratslaw
582,Client_582,74,IT Specialist,Rottweil
583,Client_583,48,Sportsman,Frankfurt
584,Client_584,67,Director,VS
585,Client_585,44,Security,  Stuttgart
586,Client_586,46,Engineer,hardt
587,Client_587,68,Brewer,Hamburg
588,Client_588,51,Teacher,Offenburg
589,Client_589,25,Unemployed,Baden-Baden
590,Client_590,48,Unemployed,Munich
591,CLIENT_591   ,48,Director,Offenburg
592,Client_592,55,Unemployed,Offenburg
593,Client_593,20,Driver,Munich
594,Client_594,25,Security,Baden-Baden
595,Client_595,51,Sportsman,Bratslaw
596,Client_596,62,Manager,VS
597,Client_597,70,Unemployed,Dunningen
598,Client_598,26,Sportsman,VS
599,Client_599,29,Security,Munich
600,Client_600,30,IT Specialist,Frankfurt
601,CLIENT_601   ,30,Teacher,berlin
602,Client_602,56,Director,Bratslaw
603,Client_603,24,Seller,  Stuttgart
604,Client_604,65,Engineer,Rottweil
605,Client_605,46,Engineer,Hamburg
606,Client_606,20,Brewer,Baden-Baden
607,Client_607,37,IT Specialist,Frankfurt
608,Client_608,72,Unemployed,VS
609,Client_609,51,IT Specialist,Bratslaw
610,Client_610,28,Police worker,Frankfurt
611,CLIENT_611   ,36,Sportsman,Offenburg
612,Client_612,34,Police worker,Dunningen
613,Client_613,49,Seller,Hamburg
614,Client_614,28,Driver,VS
615,Client_615,39,Pensioner,Dunningen
616,Client_616,20,Security,berlin
617,Client_617,32,Pensioner,Munich
618,Client_618,37,Police worker,Baden-Baden
619,Client_619,39,Teacher,Tuttlingen
620,Client_620,45,Police worker,Sulgen
621,CLIENT_621   ,67,IT Specialist,Dunningen
622,Client_622,65,Pensioner,  Stuttgart
623,Client_623,49,Seller,  Stuttgart
624,Client_624,18,Sportsman,VS
625,Client_625,24,Manager,Sulgen
626,Client_626,60,Police worker,Hamburg
627,Client_627,24,IT Specialist,  Stuttgart
628,Client_628,34,Sportsman,Berlin
629,Client_629,57,Director,Frankfurt
630,Client_630,58,Director,Berlin
631,CLIENT_631   ,50,Driver,baden-baden
632,Client_632,21,IT Specialist,Sulgen
633,Client_633,58,Unemployed,Tuttlingen
634,Client_634,55,Engineer,Munich
635,Client_635,59,Director,Frankfurt
636,Client_636,58,IT Specialist,Sulgen
637,Client_637,28,Sportsman,Tuttlingen
638,Client_638,24,Pensioner,Hardt
639,Client_639,26,Pensioner,Frankfurt
640,Client_640,24,Brewer,Frankfurt
641,CLIENT_641   ,62,IT Specialist,Munich
642,Client_642,26,IT Specialist,Tuttlingen
643,Client_643,71,Director,VS
644,Client_644,65,Pensioner,Offenburg
645,Client_645,63,Security,Hardt
646,Client_646,55,Director,schramberg
647,Client_647,67,Teacher,Schramberg
648,Client_648,27,Director,Dunningen
649,Client_649,74,Brewer,Frankfurt
650,Client_650,43,Police worker,Frankfurt
651,CLIENT_651   ,44,Security,Dunningen
652,Client_652,75,Teacher,Sulgen
653,Client_653,51,Seller,Frankfurt
654,Client_654,36,Student,Sulgen
655,Client_655,75,Driver,Berlin
656,Client_656,69,Manager,Sulgen
657,Client_657,35,Director,Offenburg
658,Client_658,39,Security,Rottweil
659,Client_659,70,Driver,Rottweil
660,Client_660,32,Director,Munich
661,CLIENT_661   ,48,Seller,offenburg
662,Client_662,68,Teacher,Dunningen
663,Client_663,66,Engineer,Berlin
664,Client_664,53,Brewer,Baden-Baden
665,Client_665,25,Security,  Stuttgart
666,Client_666,70,Seller,Hamburg
667,Client_667,55,IT Specialist,Schramberg
668,Client_668,61,Security,Schramberg
669,Client_669,74,Brewer,Bratslaw
670,Client_670,51,Director,Rottweil
671,CLIENT_671   ,65,Manager,Munich
672,Client_672,25,IT Specialist,VS
673,Client_673,55,Security,  Stuttgart
674,Client_674,30,Engineer,VS
675,Client_675,38,Brewer,Dunningen
676,Client_676,69,Teacher,tuttlingen
677,Client_677,38,Student,Bratslaw
678,Client_678,54,Teacher,Offenburg
679,Client_679,29,Seller,Frankfurt
680,Client_680,63,Sportsman,Berlin
681,CLIENT_681   ,26,Police worker,Offenburg
682,Client_682,60,Pensioner,Offenburg
683,Client_683,70,Engineer,Dunningen
684,Client_684,29,Engineer,Sulgen
685,Client_685,37,Sportsman,Bratslaw
686,Client_686,39,IT Specialist,Berlin
687,Client_687,70,Driver,  Stuttgart
688,Client_688,27,Driver,Munich
689,Client_689,27,Unemployed,Berlin
690,Client_690,66,Driver,Frankfurt
691,CLIENT_691   ,65,Police worker,stuttgart
692,Client_692,68,Police worker,Berlin
693,Client_693,46,IT Specialist,Bratslaw
694,Client_694,68,Teacher,Schramberg
695,Client_695,38,Student,  Stuttgart
696,Client_696,37,Unemployed,Munich
697,Client_697,35,Security,Hamburg
698,Client_698,31,Manager,Berlin
699,Client_699,46,Director,VS
700,Client_700,41,IT Specialist,Dunningen
701,CLIENT_701   ,23,Student,Sulgen
702,Client_702,66,Brewer,Hamburg
703,Client_703,39,Brewer,Frankfurt
704,Client_704,63,IT Specialist,Munich
705,Client_705,38,Driver,Offenburg
706,Client_706,50,Student,dunningen
707,Client_707,37,Brewer,Schramberg
708,Client_708,52,Student,Offenburg
709,Client_709,72,Pensioner,Hamburg
710,Client_710,59,Sportsman,Munich
711,CLIENT_711   ,75,Security,Schramberg
712,Client_712,71,Teacher,Hamburg
713,Client_713,72,Police worker,Berlin
714,Client_714,66,Pensioner,Hamburg
715,Client_715,46,Unemployed,Hardt
716,Client_716,43,Police worker,Berlin
717,Client_717,27,Director,Baden-Baden
718,Client_718,41,Student,  Stuttgart
719,Client_719,28,Director,Offenburg
720,Client_720,64,Police worker,Baden-Baden
721,CLIENT_721   ,19,Director,hamburg
722,Client_722,50,Student,Sulgen
723,Client_723,52,Engineer,Frankfurt
724,Client_724,47,Engineer,  Stuttgart
725,Client_725,61,Manager,  Stuttgart
726,Client_726,39,Manager,  Stuttgart
727,Client_727,24,Sportsman,  Stuttgart
728,Client_728,44,Student,Dunningen
729,Client_729,69,Security,Dunningen
730,Client_730,45,Pensioner,Hardt
731,CLIENT_731   ,43,Unemployed,Offenburg
732,Client_732,42,IT Specialist,Baden-Baden
733,Client_733,34,Unemployed,Dunningen
734,Client_734,48,Brewer,VS
735,Client_735,72,Student,Offenburg
736,Client_736,32,Driver,munich
737,Client_737,70,Unemployed,VS
738,Client_738,24,Director,Hamburg
739,Client_739,71,Manager,Hamburg
740,Client_740,59,IT Specialist,Hamburg
741,CLIENT_741   ,29,Engineer,Hardt
742,Client_742,43,Manager,Tuttlingen
743,Client_743,30,Driver,  Stuttgart
744,Client_744,65,IT Specialist,Tuttlingen
745,Client_745,35,Pensioner,Bratslaw
746,Client_746,33,Pensioner,VS
747,Client_747,60,Pensioner,Frankfurt
748,Client_748,73,Brewer,Hamburg
749,Client_749,29,Police worker,Berlin
750,Client_750,17,Police worker,Baden-Baden
751,CLIENT_751   ,72,Security,baden-baden
752,Client_752,60,Manager,Berlin
753,Client_753,45,Engineer,Frankfurt
754,Client_754,49,Security,VS
755,Client_755,24,Police worker,Bratslaw
756,Client_756,24,Police worker,Baden-Baden
757,Client_757,43,IT Specialist,  Stuttgart
758,Client_758,19,Seller,Offenburg
759,Client_759,34,Director,  Stuttgart
760,Client_760,19,Brewer,Offenburg
761,CLIENT_761   ,39,Unemployed,Bratslaw
762,Client_762,63,Sportsman,Bratslaw
763,Client_763,63,Seller,Bratslaw
764,Client_764,64,Sportsman,Rottweil
765,Client_765,66,Teacher,  Stuttgart
766,Client_766,24,Engineer,frankfurt
767,Client_767,69,Sportsman,Dunningen
768,Client_768,32,Sportsman,Frankfurt
769,Client_769,29,Engineer,Berlin
770,Client_770,61,Engineer,Schramberg
771,CLIENT_771   ,32,Unemployed,VS
772,Client_772,22,Sportsman,  Stuttgart
773,Client_773,27,Manager,Dunningen
774,Client_774,53,Security,Munich
775,Client_775,46,Unemployed,Offenburg
776,Client_776,55,Engineer,Frankfurt
777,Client_777,16,Manager,VS
778,Client_778,66,Sportsman,  Stuttgart
779,Client_779,74,Pensioner,Berlin
780,Client_780,20,Seller,Rottweil
781,CLIENT_781   ,34,Police worker,rottweil
782,Client_782,65,Sportsman,Berlin
783,Client_783,40,Student,Schramberg
784,Client_784,30,IT Specialist,VS
785,Client_785,39,Director,Baden-Baden
786,Client_786,46,Seller,Sulgen
787,Client_787,50,Manager,Tuttlingen
788,Client_788,72,Police worker,Dunningen
789,Client_789,53,Pensioner,Hardt
790,Client_790,42,Security,Bratslaw
791,CLIENT_791   ,53,Student,Schramberg
792,Client_792,25,Student,VS
793,Client_793,18,Brewer,Hardt
794,Client_794,20,Security,  Stuttgart
795,Client_795,74,Unemployed,Baden-Baden
796,Client_796,59,Manager,schramberg
797,Client_797,30,Sportsman,Hardt
798,Client_798,21,Security,VS
799,Client_799,42,Manager,Munich
800,Client_800,41,Manager,Bratslaw
801,CLIENT_801   ,33,Manager,Sulgen
802,Client_802,17,Teacher,VS
803,Client_803,35,Security,Dunningen
804,Client_804,52,IT Specialist,Bratslaw
805,Client_805,71,Security,Rottweil
806,Client_806,61,Security,Sulgen
807,Client_807,60,Unemployed,Rottweil
808,Client_808,38,Sportsman,Rottweil
809,Client_809,45,Brewer,Frankfurt
810,Client_810,56,Engineer,  Stuttgart
811,CLIENT_811   ,61,Director,dunningen
812,Client_812,68,Teacher,Dunningen
813,Client_813,57,IT Specialist,Munich
814,Client_814,45,Sportsman,  Stuttgart
815,Client_815,21,Sportsman,Hamburg
816,Client_816,69,Pensioner,Schramberg
817,Client_817,65,Manager,Rottweil
818,Client_818,45,Teacher,Munich
819,Client_819,29,Seller,Tuttlingen
820,Client_820,71,Sportsman,Berlin
821,CLIENT_821   ,37,Unemployed,Munich
822,Client_822,32,Security,Frankfurt
823,Client_823,27,Student,Tuttlingen
824,Client_824,71,Engineer,Berlin
825,Client_825,69,IT Specialist,Offenburg
826,Client_826,61,Engineer,sulgen
827,Client_827,55,Manager,Schramberg
828,Client_828,41,Teacher,VS
829,Client_829,28,Brewer,Bratslaw
830,Client_830,49,Manager,Frankfurt
831,CLIENT_831   ,38,Engineer,Bratslaw
832,Client_832,18,Sportsman,Dunningen
833,Client_833,25,Manager,Frankfurt
834,Client_834,44,Police worker,Dunningen
835,Client_835,48,Teacher,Hardt
836,Client_836,69,Security,Frankfurt
837,Client_837,45,Engineer,Sulgen
838,Client_838,67,Teacher,Hardt
839,Client_839,74,Teacher,Frankfurt
840,Client_840,26,Police worker,Offenburg
841,CLIENT_841   ,28,Sportsman,tuttlingen
842,Client_842,53,Teacher,VS
843,Client_843,67,Driver,Hamburg
844,Client_844,19,Director,Hardt
845,Client_845,55,Manager,Hardt
846,Client_846,74,Police worker,Tuttlingen
847,Client_847,27,Pensioner,Munich
848,Client_848,43,Director,Berlin
849,Client_849,53,Police worker,Offenburg
850,Client_850,67,IT Specialist,Frankfurt
851,CLIENT_851   ,75,Security,Berlin
852,Client_852,49,Teacher,Bratslaw
853,Client_853,27,Student,Dunningen
854,Client_854,54,Brewer,Offenburg
855,Client_855,34,Driver,Berlin
856,Client_856,31,Driver,vs
857,Client_857,65,Security,Sulgen
858,Client_858,66,Student,Hardt
859,Client_859,50,Brewer,Rottweil
860,Client_860,65,Engineer,VS
861,CLIENT_861   ,49,Pensioner,VS
862,Client_862,26,IT Specialist,Hamburg
863,Client_863,67,Police worker,VS
864,Client_864,67,Manager,Frankfurt
865,Client_865,44,IT Specialist,  Stuttgart
866,Client_866,62,Student,Berlin
867,Client_867,47,Driver,Schramberg
868,Client_868,28,Pensioner,Offenburg
869,Client_869,70,Security,Hardt
870,Client_870,65,Manager,Hamburg
871,CLIENT_871   ,17,Security,munich
872,Client_872,26,Teacher,Frankfurt
873,Client_873,49,Student,Sulgen
874,Client_874,23,Engineer,VS
875,Client_875,31,Security,Frankfurt
876,Client_876,59,Driver,  Stuttgart
877,Client_877,72,Police worker,Hamburg
878,Client_878,32,Brewer,VS
879,Client_879,75,Pensioner,Bratslaw
880,Client_880,31,Pensioner,Frankfurt
881,CLIENT_881   ,23,Student,Sulgen
882,Client_882,40,Manager,Tuttlingen
883,Client_883,70,Brewer,Baden-Baden
884,Client_884,73,Engineer,Offenburg
885,Client_885,71,IT Specialist,Bratslaw
886,Client_886,41,Teacher,frankfurt
887,Client_887,62,Pensioner,Baden-Baden
888,Client_888,74,Driver,Frankfurt
889,Client_889,60,Director,  Stuttgart
890,Client_890,57,Pensioner,Offenburg
891,CLIENT_891   ,33,Pensioner,Sulgen
892,Client_892,73,Student,Munich
893,Client_893,49,Security,Bratslaw
894,Client_894,62,Director,Tuttlingen
895,Client_895,71,Sportsman,Munich
896,Client_896,74,Driver,Munich
897,Client_897,24,Seller,Hardt
898,Client_898,44,Unemployed,Baden-Baden
899,Client_899,62,Director,VS
900,Client_900,64,Student,Frankfurt
901,CLIENT_901   ,23,Student,bratslaw
902,Client_902,70,Brewer,Bratslaw
903,Client_903,74,Driver,Offenburg
904,Client_904,57,Driver,Dunningen
905,Client_905,53,Driver,Rottweil
906,Client_906,71,Teacher,Bratslaw
907,Client_907,43,Manager,VS
908,Client_908,63,Pensioner,Sulgen
909,Client_909,66,Teacher,Hardt
910,Client_910,26,Security,Berlin
911,CLIENT_911   ,31,Sportsman,Schramberg
912,Client_912,49,IT Specialist,  Stuttgart
913,Client_913,45,Director,Baden-Baden
914,Client_914,33,Police worker,Schramberg
915,Client_915,55,Pensioner,Rottweil
916,Client_916,48,Unemployed,berlin
917,Client_917,58,Pensioner,VS
918,Client_918,42,Sportsman,  Stuttgart
919,Client_919,58,IT Specialist,Baden-Baden
920,Client_920,19,Director,Bratslaw
921,CLIENT_921   ,47,Police worker,Bratslaw
922,Client_922,70,Security,Baden-Baden
923,Client_923,30,Student,Frankfurt
924,Client_924,64,Manager,  Stuttgart
925,Client_925,57,Manager,Frankfurt
926,Client_926,73,Driver,Dunningen
927,Client_927,17,Brewer,Bratslaw
928,Client_928,49,Teacher,Dunningen
929,Client_929,49,Manager,Hamburg
930,Client_930,69,Engineer,Dunningen
931,CLIENT_931   ,36,Sportsman,dunningen
932,Client_932,42,Brewer,Bratslaw
933,Client_933,21,Engineer,Offenburg
934,Client_934,72,Police worker,Dunningen
935,Client_935,18,Director,Berlin
936,Client_936,66,Unemployed,Munich
937,Client_937,36,Manager,Hardt
938,Client_938,62,Security,Hamburg
939,Client_939,26,Driver,Tuttlingen
940,Client_940,48,Brewer,  Stuttgart
941,CLIENT_941   ,66,Sportsman,Schramberg
942,Client_942,25,Student,Tuttlingen
943,Client_943,44,IT Specialist,Frankfurt
944,Client_944,64,Seller,Rottweil
945,Client_945,44,Teacher,Bratslaw
946,Client_946,27,Student,munich
947,Client_947,33,Pensioner,Berlin
948,Client_948,36,Seller,Munich
949,Client_949,19,Seller,Tuttlingen
950,Client_950,28,Police worker,  Stuttgart
951,CLIENT_951   ,31,Student,Schramberg
952,Client_952,17,Security,Hardt
953,Client_953,31,Driver,Frankfurt
954,Client_954,64,Sportsman,Baden-Baden
955,Client_955,16,Sportsman,Rottweil
956,Client_956,37,IT Specialist,Schramberg
957,Client_957,32,Unemployed,Tuttlingen
958,Client_958,26,Driver,Sulgen
959,Client_959,70,Police worker,Berlin
960,Client_960,51,Seller,Munich
961,CLIENT_961   ,29,Unemployed,sulgen
962,Client_962,33,Sportsman,Hamburg
963,Client_963,61,Unemployed,Hardt
964,Client_964,36,Police worker,Hardt
965,Client_965,69,Security,Frankfurt
966,Client_966,72,Teacher,Frankfurt
967,Client_967,73,Sportsman,Tuttlingen
968,Client_968,64,Engineer,Frankfurt
969,Client_969,22,Teacher,Rottweil
970,Client_970,44,Security,Hamburg
971,CLIENT_971   ,29,Sportsman,Bratslaw
972,Client_972,64,Engineer,VS
973,Client_973,70,Sportsman,Tuttlingen
974,Client_974,48,Pensioner,  Stuttgart
975,Client_975,64,Seller,Sulgen
976,Client_976,68,Police worker,dunningen
977,Client_977,62,Unemployed,Tuttlingen
978,Client_978,20,Teacher,Dunningen
979,Client_979,42,Manager,Schramberg
980,Client_980,30,Seller,Munich
981,CLIENT_981   ,38,Police worker,Bratslaw
982,Client_982,39,Police worker,Schramberg
983,Client_983,48,Manager,Dunningen
984,Client_984,64,Brewer,Offenburg
985,Client_985,31,Director,VS
986,Client_986,32,Pensioner,Dunningen
987,Client_987,41,Driver,Frankfurt
988,Client_988,63,Director,Offenburg
989,Client_989,50,Unemployed,Hamburg
990,Client_990,21,Teacher,Hardt
991,CLIENT_991   ,75,IT Specialist,offenburg
992,Client_992,44,Unemployed,Bratslaw
993,Client_993,59,Student,Tuttlingen
994,Client_994,53,Manager,Dunningen
995,Client_995,73,Unemployed,VS
996,Client_996,70,Director,Hamburg
997,Client_997,41,Security,Offenburg
998,Client_998,41,Sportsman,Rottweil
999,Client_999,68,Engineer,Frankfurt
1000,Client_1000,68,IT Specialist,Dunningen
