credit_id,client_id,amount,duration,status,collateral_type,collateral_value,collateral_ratio
CR_1,191,50000.0,36,Default,Nothing,0.0,0.0
CR_2,935,500.0,12,Active,Real Estate,511.88,102.376
CR_3,4,5000.0,24,Closed,Real Estate,2636.92,52.7384
CR_4,366,15275.671406003159,60,Closed,Nothing,0.0,0.0
CR_5,858,1000.0,12,Closed,Nothing,0.0,0.0
CR_6,648,5000.0,24,Default,Deposit,4174.2,83.484
CR_7,366,1000.0,6,Default,Real Estate,1111.18,111.11800000000001
CR_8,515,10000.0,12,Closed,Deposit,8367.26,83.6726
CR_9,671,50000.0,12,Active,Deposit,35736.91,71.47382
CR_10,989,25000.0,6,Closed,Car,23021.89,92.08756
CR_11,556,5000.0,6,Closed,Nothing,0.0,0.0
CR_12,387,10000.0,60,Default,Deposit,6425.27,64.2527
CR_13,294,15275.671406003159,24,Default,Deposit,0.0,0.0
CR_14,932,15275.671406003159,12,Default,Real Estate,0.0,0.0
CR_15,312,25000.0,24,Closed,Deposit,17587.41,70.34964000000001
CR_16,507,500.0,24,Default,Deposit,448.36,89.67200000000001
CR_17,569,15275.671406003159,60,Active,Real Estate,0.0,0.0
CR_18,600,50000.0,60,Default,Deposit,38278.02,76.55604
CR_19,933,10000.0,6,Default,Deposit,10069.15,100.6915
CR_20,311,10000.0,12,Active,Nothing,0.0,0.0
CR_21,732,25000.0,60,Closed,Deposit,13391.03,53.56412
CR_22,137,500.0,60,Closed,Nothing,0.0,0.0
CR_23,961,500.0,24,Closed,Nothing,0.0,0.0
CR_24,92,25000.0,6,Default,Deposit,29961.26,119.84504
CR_25,760,25000.0,24,Closed,Real Estate,31717.8,126.8712
CR_26,756,10000.0,6,Default,Car,11832.07,118.32069999999999
CR_27,506,1000.0,6,Default,Deposit,889.72,88.97200000000001
CR_28,707,10000.0,6,Closed,Real Estate,7632.27,76.3227
CR_29,756,25000.0,60,Active,Car,23996.46,95.98584
CR_30,778,25000.0,60,Default,Deposit,31120.22,124.48088
CR_31,738,10000.0,60,Active,Real Estate,10325.3,103.253
CR_32,109,50000.0,36,Active,Real Estate,25565.39,51.13078
CR_33,434,5000.0,24,Active,Real Estate,6886.65,137.733
CR_34,846,500.0,12,Closed,Real Estate,594.0,118.8
CR_35,145,50000.0,6,Default,Car,43636.17,87.27233999999999
CR_36,861,5000.0,36,Default,Deposit,2574.75,51.495000000000005
CR_37,119,1000.0,36,Closed,Real Estate,533.76,53.376000000000005
CR_38,762,1000.0,12,Active,Car,925.04,92.50399999999999
CR_39,689,50000.0,36,Default,Deposit,42930.09,85.86018
CR_40,502,15275.671406003159,24,Closed,Nothing,0.0,0.0
CR_41,975,15275.671406003159,24,Default,Nothing,0.0,0.0
CR_42,807,500.0,36,Closed,Deposit,395.3,79.06
CR_43,111,15275.671406003159,36,Closed,Real Estate,0.0,0.0
CR_44,156,500.0,12,Active,Nothing,0.0,0.0
CR_45,644,1000.0,6,Default,Deposit,649.46,64.946
CR_46,508,15275.671406003159,36,Default,Real Estate,0.0,0.0
CR_47,763,5000.0,12,Default,Deposit,6550.26,131.0052
CR_48,809,15275.671406003159,60,Default,Deposit,0.0,0.0
CR_49,91,10000.0,60,Default,Deposit,5631.36,56.313599999999994
CR_50,913,5000.0,36,Closed,Real Estate,6252.91,125.05819999999999
CR_51,942,15275.671406003159,12,Active,Nothing,0.0,0.0
CR_52,344,1000.0,6,Closed,Car,1491.86,149.186
CR_53,799,500.0,6,Active,Car,512.41,102.48199999999999
CR_54,510,10000.0,12,Default,Nothing,0.0,0.0
CR_55,762,10000.0,6,Active,Nothing,0.0,0.0
CR_56,909,50000.0,60,Default,Deposit,46297.71,92.59541999999999
CR_57,245,15275.671406003159,24,Default,Nothing,0.0,0.0
CR_58,40,50000.0,36,Closed,Deposit,57393.16,114.78632
CR_59,394,15275.671406003159,12,Default,Car,0.0,0.0
CR_60,432,5000.0,6,Closed,Deposit,4840.37,96.8074
CR_61,679,500.0,12,Active,Real Estate,474.24,94.848
CR_62,867,1000.0,12,Closed,Nothing,0.0,0.0
CR_63,931,5000.0,36,Default,Nothing,0.0,0.0
CR_64,194,50000.0,12,Closed,Deposit,66084.62,132.16924
CR_65,127,15275.671406003159,36,Active,Nothing,0.0,0.0
CR_66,259,15275.671406003159,60,Active,Nothing,0.0,0.0
CR_67,316,25000.0,36,Active,Nothing,0.0,0.0
CR_68,860,1000.0,60,Closed,Nothing,0.0,0.0
CR_69,185,25000.0,24,Closed,Nothing,0.0,0.0
CR_70,61,10000.0,60,Active,Deposit,6565.71,65.6571
CR_71,63,5000.0,6,Closed,Real Estate,2921.69,58.433800000000005
CR_72,200,25000.0,6,Active,Real Estate,33386.29,133.54516
CR_73,502,50000.0,36,Closed,Car,25521.37,51.042739999999995
CR_74,134,5000.0,24,Active,Deposit,5496.52,109.9304
CR_75,312,50000.0,24,Closed,Car,51369.77,102.73953999999999
CR_76,643,1000.0,60,Active,Real Estate,1270.59,127.05899999999998
CR_77,409,500.0,12,Active,Deposit,699.58,139.91600000000003
CR_78,12,15275.671406003159,36,Closed,Deposit,0.0,0.0
CR_79,21,500.0,6,Closed,Deposit,515.02,103.004
CR_80,494,10000.0,6,Closed,Real Estate,7561.81,75.6181
CR_81,496,5000.0,24,Active,Real Estate,6117.11,122.3422
CR_82,927,1000.0,6,Default,Deposit,1150.74,115.07400000000001
CR_83,437,10000.0,36,Active,Car,9300.97,93.0097
CR_84,284,10000.0,24,Closed,Deposit,6484.95,64.84949999999999
CR_85,918,15275.671406003159,60,Default,Car,0.0,0.0
CR_86,589,10000.0,6,Closed,Nothing,0.0,0.0
CR_87,529,25000.0,60,Closed,Nothing,0.0,0.0
CR_88,925,5000.0,24,Active,Real Estate,6997.29,139.94580000000002
CR_89,452,50000.0,24,Closed,Real Estate,50978.17,101.95634
CR_90,144,500.0,36,Closed,Nothing,0.0,0.0
CR_91,475,15275.671406003159,60,Closed,Deposit,0.0,0.0
CR_92,533,25000.0,60,Active,Deposit,36745.7,146.9828
CR_93,774,500.0,12,Closed,Nothing,0.0,0.0
CR_94,779,50000.0,60,Closed,Deposit,47392.06,94.78411999999999
CR_95,476,1000.0,36,Closed,Car,916.22,91.622
CR_96,121,10000.0,60,Active,Car,11232.7,112.327
CR_97,465,500.0,60,Closed,Car,649.03,129.806
CR_98,521,25000.0,36,Active,Deposit,22528.54,90.11416
CR_99,531,50000.0,6,Active,Nothing,0.0,0.0
CR_100,577,15275.671406003159,24,Active,Nothing,0.0,0.0
CR_101,531,1000.0,6,Default,Deposit,868.91,86.89099999999999
CR_102,634,10000.0,24,Default,Car,9648.01,96.48010000000001
CR_103,176,500.0,12,Closed,Deposit,324.72,64.944
CR_104,943,50000.0,12,Active,Nothing,0.0,0.0
CR_105,429,25000.0,6,Default,Real Estate,32123.87,128.49548
CR_106,793,5000.0,36,Closed,Car,6253.4,125.068
CR_107,100,10000.0,60,Default,Car,11459.23,114.59230000000001
CR_108,27,25000.0,36,Default,Nothing,0.0,0.0
CR_109,24,50000.0,24,Closed,Deposit,59301.87,118.60374
CR_110,285,25000.0,60,Default,Deposit,34499.09,137.99635999999998
CR_111,18,500.0,24,Default,Car,307.71,61.541999999999994
CR_112,71,15275.671406003159,36,Closed,Nothing,0.0,0.0
CR_113,822,1000.0,24,Default,Real Estate,645.58,64.558
CR_114,693,500.0,24,Active,Deposit,674.71,134.942
CR_115,549,500.0,12,Default,Deposit,552.09,110.41800000000002
CR_116,422,500.0,60,Closed,Car,744.72,148.94400000000002
CR_117,224,25000.0,36,Active,Real Estate,29965.91,119.86364
CR_118,444,10000.0,60,Closed,Nothing,0.0,0.0
CR_119,649,500.0,24,Default,Car,653.21,130.64200000000002
CR_120,490,1000.0,36,Closed,Deposit,605.62,60.562000000000005
CR_121,904,50000.0,12,Closed,Real Estate,55049.97,110.09994
CR_122,954,10000.0,6,Default,Deposit,8070.14,80.7014
CR_123,814,25000.0,24,Active,Car,17740.64,70.96256
CR_124,183,50000.0,6,Closed,Deposit,47342.71,94.68542
CR_125,288,50000.0,60,Closed,Real Estate,52577.12,105.15424
CR_126,742,500.0,60,Default,Real Estate,528.73,105.74600000000001
CR_127,490,1000.0,24,Default,Nothing,0.0,0.0
CR_128,913,10000.0,60,Closed,Car,14492.93,144.92929999999998
CR_129,927,25000.0,24,Default,Car,27922.91,111.69164
CR_130,467,5000.0,12,Default,Nothing,0.0,0.0
CR_131,690,500.0,24,Active,Car,490.02,98.00399999999999
CR_132,589,5000.0,24,Closed,Real Estate,3154.54,63.0908
CR_133,179,10000.0,6,Closed,Real Estate,11576.56,115.7656
CR_134,796,50000.0,12,Closed,Car,51226.02,102.45203999999998
CR_135,279,50000.0,36,Default,Real Estate,39637.58,79.27516
CR_136,614,15275.671406003159,24,Closed,Deposit,0.0,0.0
CR_137,951,500.0,36,Active,Deposit,729.07,145.814
CR_138,520,1000.0,60,Active,Nothing,0.0,0.0
CR_139,145,1000.0,36,Active,Deposit,744.19,74.419
CR_140,574,50000.0,6,Active,Nothing,0.0,0.0
CR_141,637,5000.0,24,Closed,Car,3392.66,67.8532
CR_142,307,500.0,12,Active,Car,474.67,94.93400000000001
CR_143,967,5000.0,12,Closed,Real Estate,6701.76,134.0352
CR_144,77,5000.0,6,Closed,Car,4860.67,97.21340000000001
CR_145,570,5000.0,24,Active,Car,5702.61,114.0522
CR_146,850,10000.0,6,Active,Deposit,9533.59,95.33590000000001
CR_147,803,5000.0,12,Closed,Nothing,0.0,0.0
CR_148,57,1000.0,36,Default,Real Estate,1377.09,137.709
CR_149,29,10000.0,36,Active,Real Estate,5464.84,54.648399999999995
CR_150,410,25000.0,60,Default,Nothing,0.0,0.0
CR_151,831,50000.0,12,Active,Real Estate,31443.1,62.886199999999995
CR_152,29,5000.0,24,Active,Car,5478.88,109.5776
CR_153,210,15275.671406003159,6,Default,Car,0.0,0.0
CR_154,109,500.0,36,Active,Nothing,0.0,0.0
CR_155,172,15275.671406003159,24,Default,Deposit,0.0,0.0
CR_156,359,1000.0,36,Active,Real Estate,657.77,65.777
CR_157,311,50000.0,12,Active,Real Estate,62520.37,125.04074
CR_158,27,1000.0,36,Closed,Nothing,0.0,0.0
CR_159,571,500.0,6,Default,Car,504.73,100.946
CR_160,450,10000.0,36,Closed,Real Estate,9195.5,91.955
CR_161,475,5000.0,12,Active,Car,6028.89,120.5778
CR_162,792,5000.0,24,Default,Nothing,0.0,0.0
CR_163,156,500.0,12,Closed,Nothing,0.0,0.0
CR_164,34,50000.0,12,Active,Deposit,50593.31,101.18662
CR_165,15,10000.0,12,Default,Real Estate,8977.7,89.777
CR_166,169,500.0,60,Active,Real Estate,470.54,94.108
CR_167,690,10000.0,60,Closed,Nothing,0.0,0.0
CR_168,559,500.0,6,Closed,Nothing,0.0,0.0
CR_169,358,5000.0,24,Active,Nothing,0.0,0.0
CR_170,216,50000.0,24,Active,Nothing,0.0,0.0
CR_171,966,15275.671406003159,6,Closed,Car,0.0,0.0
CR_172,716,25000.0,36,Active,Nothing,0.0,0.0
CR_173,151,5000.0,6,Active,Deposit,4300.02,86.00040000000001
CR_174,518,50000.0,60,Closed,Deposit,68313.84,136.62768
CR_175,815,1000.0,12,Default,Real Estate,1438.17,143.817
CR_176,432,5000.0,6,Closed,Nothing,0.0,0.0
CR_177,642,500.0,24,Closed,Deposit,531.75,106.35
CR_178,481,10000.0,12,Default,Nothing,0.0,0.0
CR_179,508,500.0,60,Active,Deposit,254.47,50.89399999999999
CR_180,464,10000.0,36,Active,Deposit,13260.35,132.6035
CR_181,372,1000.0,12,Closed,Nothing,0.0,0.0
CR_182,832,15275.671406003159,60,Closed,Car,0.0,0.0
CR_183,169,500.0,36,Active,Deposit,519.72,103.94400000000002
CR_184,722,25000.0,36,Default,Nothing,0.0,0.0
CR_185,441,50000.0,6,Default,Car,74066.97,148.13394
CR_186,650,50000.0,60,Closed,Nothing,0.0,0.0
CR_187,856,1000.0,60,Active,Deposit,1091.15,109.11500000000001
CR_188,946,500.0,24,Default,Deposit,568.74,113.748
CR_189,364,50000.0,36,Default,Real Estate,54918.54,109.83708000000001
CR_190,179,15275.671406003159,6,Closed,Nothing,0.0,0.0
CR_191,473,50000.0,24,Active,Car,72386.45,144.7729
CR_192,603,50000.0,36,Closed,Nothing,0.0,0.0
CR_193,991,25000.0,60,Default,Real Estate,29456.23,117.82492
CR_194,578,5000.0,36,Closed,Deposit,2535.36,50.70720000000001
CR_195,632,10000.0,60,Active,Car,9082.48,90.8248
CR_196,502,1000.0,6,Active,Real Estate,818.87,81.887
CR_197,221,25000.0,6,Active,Car,20006.97,80.02788000000001
CR_198,280,15275.671406003159,36,Active,Deposit,0.0,0.0
CR_199,101,10000.0,24,Default,Deposit,11521.7,115.21700000000001
CR_200,488,15275.671406003159,6,Closed,Nothing,0.0,0.0
CR_201,396,500.0,36,Active,Nothing,0.0,0.0
CR_202,492,15275.671406003159,24,Closed,Deposit,0.0,0.0
CR_203,809,25000.0,36,Default,Car,33210.36,132.84144
CR_204,835,50000.0,6,Active,Nothing,0.0,0.0
CR_205,672,15275.671406003159,36,Active,Deposit,0.0,0.0
CR_206,964,1000.0,36,Default,Nothing,0.0,0.0
CR_207,280,10000.0,60,Default,Deposit,7905.3,79.05300000000001
CR_208,653,15275.671406003159,60,Closed,Car,0.0,0.0
CR_209,232,5000.0,36,Default,Car,3429.04,68.5808
CR_210,151,500.0,24,Closed,Nothing,0.0,0.0
CR_211,400,500.0,6,Default,Car,639.51,127.902
CR_212,577,25000.0,12,Closed,Real Estate,23349.29,93.39716
CR_213,974,5000.0,12,Default,Deposit,6868.0,137.35999999999999
CR_214,509,500.0,60,Default,Nothing,0.0,0.0
CR_215,314,50000.0,12,Default,Real Estate,58570.46,117.14092000000001
CR_216,624,25000.0,36,Default,Deposit,32719.55,130.8782
CR_217,242,15275.671406003159,60,Active,Car,0.0,0.0
CR_218,261,500.0,12,Default,Deposit,356.67,71.334
CR_219,38,25000.0,12,Closed,Deposit,22776.17,91.10467999999999
CR_220,401,10000.0,24,Closed,Car,6660.03,66.6003
CR_221,474,10000.0,24,Active,Real Estate,6855.53,68.5553
CR_222,981,15275.671406003159,12,Default,Real Estate,0.0,0.0
CR_223,90,25000.0,60,Closed,Car,23829.92,95.31967999999999
CR_224,12,1000.0,24,Closed,Real Estate,1234.82,123.482
CR_225,296,1000.0,60,Default,Deposit,1153.44,115.34400000000001
CR_226,88,50000.0,12,Closed,Car,30114.82,60.229639999999996
CR_227,62,50000.0,12,Active,Car,33608.2,67.2164
CR_228,103,1000.0,12,Default,Deposit,1495.22,149.522
CR_229,114,15275.671406003159,60,Active,Nothing,0.0,0.0
CR_230,811,50000.0,24,Default,Nothing,0.0,0.0
CR_231,783,500.0,12,Default,Deposit,712.29,142.458
CR_232,566,15275.671406003159,36,Default,Deposit,0.0,0.0
CR_233,558,10000.0,60,Active,Car,12256.82,122.56819999999999
CR_234,203,10000.0,12,Closed,Car,6082.45,60.8245
CR_235,207,5000.0,36,Active,Deposit,6284.59,125.6918
CR_236,672,25000.0,6,Closed,Real Estate,13943.72,55.774879999999996
CR_237,355,50000.0,24,Closed,Real Estate,28766.81,57.533620000000006
CR_238,492,10000.0,24,Closed,Real Estate,14174.83,141.7483
CR_239,906,25000.0,12,Closed,Real Estate,36505.41,146.02164000000002
CR_240,795,15275.671406003159,60,Active,Real Estate,0.0,0.0
CR_241,857,10000.0,36,Default,Nothing,0.0,0.0
CR_242,734,15275.671406003159,6,Closed,Car,0.0,0.0
CR_243,710,500.0,24,Default,Deposit,531.88,106.376
CR_244,60,25000.0,12,Closed,Nothing,0.0,0.0
CR_245,136,500.0,60,Closed,Deposit,458.15,91.63
CR_246,952,1000.0,6,Active,Nothing,0.0,0.0
CR_247,925,10000.0,6,Default,Car,12461.24,124.61240000000001
CR_248,861,500.0,36,Default,Nothing,0.0,0.0
CR_249,18,500.0,60,Active,Nothing,0.0,0.0
CR_250,373,15275.671406003159,60,Default,Nothing,0.0,0.0
CR_251,109,5000.0,24,Closed,Car,2789.39,55.7878
CR_252,208,15275.671406003159,12,Active,Deposit,0.0,0.0
CR_253,989,50000.0,36,Active,Nothing,0.0,0.0
CR_254,549,500.0,36,Default,Car,426.09,85.21799999999999
CR_255,670,15275.671406003159,60,Default,Nothing,0.0,0.0
CR_256,528,25000.0,12,Closed,Car,25744.61,102.97844
CR_257,677,5000.0,60,Default,Deposit,7353.05,147.061
CR_258,624,25000.0,12,Closed,Real Estate,27522.98,110.09191999999999
CR_259,312,500.0,60,Active,Deposit,526.49,105.298
CR_260,962,50000.0,60,Active,Nothing,0.0,0.0
CR_261,886,50000.0,60,Closed,Deposit,62249.92,124.49984
CR_262,432,50000.0,12,Closed,Car,68195.39,136.39078
CR_263,815,15275.671406003159,60,Closed,Real Estate,0.0,0.0
CR_264,571,5000.0,6,Default,Nothing,0.0,0.0
CR_265,337,500.0,24,Closed,Car,680.62,136.124
CR_266,366,1000.0,24,Default,Deposit,784.64,78.464
CR_267,39,5000.0,36,Default,Deposit,7199.12,143.9824
CR_268,316,500.0,6,Closed,Real Estate,326.95,65.38999999999999
CR_269,77,5000.0,60,Active,Deposit,2919.46,58.389199999999995
CR_270,558,25000.0,36,Default,Real Estate,33644.82,134.57927999999998
CR_271,907,15275.671406003159,36,Default,Car,0.0,0.0
CR_272,885,15275.671406003159,6,Closed,Real Estate,0.0,0.0
CR_273,502,50000.0,12,Default,Nothing,0.0,0.0
CR_274,485,5000.0,36,Active,Deposit,2927.97,58.5594
CR_275,200,500.0,36,Default,Nothing,0.0,0.0
CR_276,139,500.0,24,Active,Car,250.6,50.12
CR_277,500,500.0,12,Default,Deposit,499.78,99.95599999999999
CR_278,415,15275.671406003159,6,Active,Deposit,0.0,0.0
CR_279,338,25000.0,60,Active,Car,34267.46,137.06984
CR_280,25,15275.671406003159,12,Closed,Real Estate,0.0,0.0
CR_281,10,500.0,60,Active,Real Estate,541.24,108.248
CR_282,304,5000.0,24,Default,Nothing,0.0,0.0
CR_283,855,50000.0,24,Default,Nothing,0.0,0.0
CR_284,717,1000.0,36,Active,Real Estate,995.35,99.53500000000001
CR_285,224,1000.0,36,Active,Car,1378.83,137.883
CR_286,335,15275.671406003159,6,Default,Car,0.0,0.0
CR_287,950,15275.671406003159,36,Closed,Real Estate,0.0,0.0
CR_288,997,1000.0,60,Default,Real Estate,1329.12,132.91199999999998
CR_289,53,15275.671406003159,60,Default,Car,0.0,0.0
CR_290,664,500.0,6,Active,Deposit,399.77,79.954
CR_291,331,500.0,36,Active,Car,531.72,106.34400000000002
CR_292,139,10000.0,12,Active,Deposit,11778.06,117.78059999999999
CR_293,915,15275.671406003159,36,Active,Nothing,0.0,0.0
CR_294,32,500.0,12,Active,Nothing,0.0,0.0
CR_295,358,50000.0,60,Closed,Deposit,31114.57,62.229139999999994
CR_296,795,10000.0,6,Default,Deposit,14342.97,143.4297
CR_297,354,50000.0,60,Default,Car,58170.91,116.34182000000001
CR_298,540,25000.0,12,Closed,Deposit,27418.76,109.67504
CR_299,394,25000.0,12,Active,Real Estate,23163.87,92.65548
CR_300,215,1000.0,24,Closed,Real Estate,953.86,95.38600000000001
CR_301,411,500.0,24,Active,Real Estate,465.65,93.13
CR_302,192,15275.671406003159,24,Active,Car,0.0,0.0
CR_303,819,5000.0,24,Closed,Deposit,5576.45,111.529
CR_304,353,500.0,24,Default,Nothing,0.0,0.0
CR_305,555,1000.0,36,Closed,Real Estate,1037.35,103.735
CR_306,865,10000.0,12,Active,Real Estate,11362.94,113.62940000000002
CR_307,821,10000.0,24,Closed,Real Estate,8684.22,86.84219999999999
CR_308,691,50000.0,24,Closed,Real Estate,30902.27,61.804539999999996
CR_309,46,5000.0,36,Active,Deposit,4076.98,81.53960000000001
CR_310,846,5000.0,24,Closed,Car,4106.94,82.13879999999999
CR_311,127,50000.0,12,Closed,Car,48870.61,97.74122000000001
CR_312,376,10000.0,36,Active,Real Estate,13528.72,135.28719999999998
CR_313,980,15275.671406003159,6,Closed,Deposit,0.0,0.0
CR_314,34,50000.0,36,Active,Real Estate,27416.68,54.83336
CR_315,519,50000.0,24,Active,Nothing,0.0,0.0
CR_316,325,25000.0,36,Closed,Deposit,19544.46,78.17784
CR_317,675,5000.0,36,Default,Real Estate,6822.24,136.4448
CR_318,972,1000.0,12,Closed,Real Estate,792.13,79.213
CR_319,21,15275.671406003159,6,Closed,Nothing,0.0,0.0
CR_320,43,15275.671406003159,36,Active,Car,0.0,0.0
CR_321,824,15275.671406003159,24,Closed,Real Estate,0.0,0.0
CR_322,168,500.0,6,Default,Real Estate,602.82,120.56400000000001
CR_323,186,5000.0,6,Closed,Deposit,5895.05,117.90100000000001
CR_324,992,500.0,60,Active,Nothing,0.0,0.0
CR_325,361,25000.0,36,Closed,Car,21166.64,84.66656
CR_326,46,5000.0,6,Default,Deposit,6699.31,133.9862
CR_327,759,25000.0,24,Default,Real Estate,23428.36,93.71344
CR_328,503,1000.0,12,Default,Nothing,0.0,0.0
CR_329,979,50000.0,6,Default,Real Estate,68835.71,137.67142
CR_330,192,5000.0,24,Active,Deposit,4767.76,95.35520000000001
CR_331,256,25000.0,36,Active,Nothing,0.0,0.0
CR_332,570,15275.671406003159,12,Closed,Real Estate,0.0,0.0
CR_333,30,5000.0,36,Active,Deposit,6187.45,123.749
CR_334,164,1000.0,12,Closed,Nothing,0.0,0.0
CR_335,777,5000.0,60,Active,Real Estate,4960.1,99.20200000000001
CR_336,971,15275.671406003159,6,Closed,Car,0.0,0.0
CR_337,597,1000.0,6,Active,Car,549.49,54.949000000000005
CR_338,363,5000.0,24,Default,Nothing,0.0,0.0
CR_339,108,500.0,60,Default,Car,487.13,97.426
CR_340,947,500.0,24,Closed,Deposit,660.12,132.024
CR_341,345,50000.0,6,Default,Real Estate,38998.36,77.99672
CR_342,280,500.0,60,Closed,Deposit,657.86,131.572
CR_343,60,5000.0,24,Default,Car,6396.79,127.9358
CR_344,122,500.0,24,Default,Car,363.77,72.75399999999999
CR_345,524,15275.671406003159,60,Default,Nothing,0.0,0.0
CR_346,749,5000.0,24,Closed,Car,4739.38,94.78760000000001
CR_347,883,10000.0,12,Default,Car,5164.62,51.6462
CR_348,703,10000.0,12,Closed,Real Estate,8971.35,89.7135
CR_349,351,500.0,6,Active,Real Estate,492.28,98.456
CR_350,579,500.0,6,Active,Nothing,0.0,0.0
CR_351,490,50000.0,12,Default,Deposit,58584.81,117.16962
CR_352,952,1000.0,12,Active,Deposit,1369.4,136.94000000000003
CR_353,47,15275.671406003159,6,Closed,Deposit,0.0,0.0
CR_354,965,10000.0,12,Default,Car,10888.0,108.88
CR_355,240,50000.0,24,Default,Real Estate,70899.76,141.79951999999997
CR_356,62,15275.671406003159,24,Closed,Real Estate,0.0,0.0
CR_357,196,5000.0,24,Closed,Car,6133.27,122.66540000000002
CR_358,128,500.0,6,Active,Deposit,670.82,134.16400000000002
CR_359,677,5000.0,12,Active,Deposit,4234.73,84.69459999999998
CR_360,119,500.0,24,Active,Nothing,0.0,0.0
CR_361,86,5000.0,6,Closed,Real Estate,6985.1,139.70200000000003
CR_362,805,50000.0,6,Closed,Car,57427.57,114.85513999999999
CR_363,551,50000.0,60,Default,Nothing,0.0,0.0
CR_364,54,10000.0,6,Active,Car,11536.83,115.3683
CR_365,869,500.0,36,Active,Nothing,0.0,0.0
CR_366,129,15275.671406003159,24,Default,Deposit,0.0,0.0
CR_367,512,1000.0,12,Closed,Deposit,1225.53,122.553
CR_368,226,50000.0,24,Closed,Car,42102.29,84.20458
CR_369,441,5000.0,12,Default,Real Estate,3501.86,70.0372
CR_370,7,10000.0,12,Default,Car,5636.73,56.3673
CR_371,350,1000.0,60,Closed,Nothing,0.0,0.0
CR_372,333,5000.0,36,Default,Car,5954.62,119.09239999999998
CR_373,682,50000.0,12,Default,Real Estate,69414.85,138.8297
CR_374,47,15275.671406003159,36,Closed,Car,0.0,0.0
CR_375,775,15275.671406003159,36,Default,Real Estate,0.0,0.0
CR_376,198,500.0,36,Active,Nothing,0.0,0.0
CR_377,55,25000.0,6,Closed,Car,31663.33,126.65332000000001
CR_378,924,5000.0,24,Active,Deposit,5932.31,118.64620000000001
CR_379,64,15275.671406003159,36,Default,Nothing,0.0,0.0
CR_380,933,5000.0,36,Default,Car,4889.71,97.7942
CR_381,84,25000.0,24,Default,Nothing,0.0,0.0
CR_382,472,25000.0,24,Closed,Nothing,0.0,0.0
CR_383,243,10000.0,24,Default,Nothing,0.0,0.0
CR_384,845,15275.671406003159,24,Default,Real Estate,0.0,0.0
CR_385,713,1000.0,36,Closed,Real Estate,621.64,62.163999999999994
CR_386,856,15275.671406003159,24,Closed,Nothing,0.0,0.0
CR_387,217,5000.0,24,Active,Car,6775.66,135.5132
CR_388,358,1000.0,6,Closed,Nothing,0.0,0.0
CR_389,525,15275.671406003159,36,Closed,Nothing,0.0,0.0
CR_390,100,10000.0,60,Active,Real Estate,11187.53,111.87530000000001
CR_391,42,50000.0,6,Closed,Car,60416.48,120.83296000000001
CR_392,343,10000.0,12,Closed,Deposit,6364.42,63.6442
CR_393,173,5000.0,36,Default,Deposit,5068.96,101.3792
CR_394,959,5000.0,24,Default,Real Estate,5484.48,109.68959999999998
CR_395,774,25000.0,6,Active,Deposit,36371.56,145.48623999999998
CR_396,743,50000.0,24,Closed,Car,47239.2,94.4784
CR_397,164,10000.0,36,Default,Nothing,0.0,0.0
CR_398,284,25000.0,6,Closed,Car,36135.18,144.54072
CR_399,715,1000.0,6,Default,Real Estate,556.34,55.63400000000001
CR_400,754,1000.0,60,Active,Deposit,1117.92,111.792
CR_401,748,10000.0,60,Closed,Deposit,13368.73,133.6873
CR_402,659,1000.0,36,Closed,Real Estate,1466.81,146.68099999999998
CR_403,624,10000.0,6,Closed,Nothing,0.0,0.0
CR_404,724,15275.671406003159,6,Active,Real Estate,0.0,0.0
CR_405,133,500.0,60,Active,Car,508.91,101.782
CR_406,546,5000.0,60,Active,Deposit,7331.3,146.626
CR_407,810,25000.0,24,Active,Deposit,18912.04,75.64816
CR_408,515,50000.0,12,Active,Car,56469.77,112.93954
CR_409,906,500.0,24,Closed,Real Estate,293.42,58.684000000000005
CR_410,232,15275.671406003159,60,Active,Nothing,0.0,0.0
CR_411,100,50000.0,6,Default,Deposit,61949.31,123.89862000000001
CR_412,541,15275.671406003159,36,Default,Car,0.0,0.0
CR_413,291,500.0,12,Active,Real Estate,508.87,101.77400000000002
CR_414,175,1000.0,12,Default,Nothing,0.0,0.0
CR_415,128,1000.0,60,Closed,Car,586.64,58.663999999999994
CR_416,322,50000.0,36,Default,Nothing,0.0,0.0
CR_417,891,50000.0,24,Default,Car,60816.43,121.63286
CR_418,215,1000.0,36,Default,Deposit,1014.86,101.486
CR_419,442,25000.0,12,Active,Real Estate,18464.5,73.858
CR_420,391,25000.0,60,Default,Nothing,0.0,0.0
CR_421,980,15275.671406003159,36,Default,Car,0.0,0.0
CR_422,682,10000.0,6,Closed,Nothing,0.0,0.0
CR_423,735,500.0,12,Default,Car,506.25,101.25
CR_424,118,10000.0,60,Active,Nothing,0.0,0.0
CR_425,373,15275.671406003159,6,Active,Deposit,0.0,0.0
CR_426,259,15275.671406003159,24,Active,Car,0.0,0.0
CR_427,120,10000.0,36,Active,Nothing,0.0,0.0
CR_428,661,500.0,24,Default,Car,509.22,101.844
CR_429,880,1000.0,12,Active,Real Estate,1478.58,147.858
CR_430,539,5000.0,60,Closed,Car,4359.38,87.1876
CR_431,992,10000.0,12,Default,Car,10845.25,108.4525
CR_432,199,50000.0,12,Default,Deposit,55286.41,110.57282000000002
CR_433,719,50000.0,6,Default,Real Estate,33812.82,67.62564
CR_434,147,500.0,6,Default,Real Estate,724.24,144.848
CR_435,593,15275.671406003159,12,Active,Real Estate,0.0,0.0
CR_436,688,10000.0,60,Active,Nothing,0.0,0.0
CR_437,815,1000.0,12,Closed,Deposit,610.06,61.00599999999999
CR_438,978,15275.671406003159,24,Active,Nothing,0.0,0.0
CR_439,261,5000.0,6,Default,Nothing,0.0,0.0
CR_440,63,5000.0,12,Active,Deposit,3635.28,72.7056
CR_441,87,5000.0,6,Default,Real Estate,3618.83,72.3766
CR_442,349,10000.0,6,Closed,Car,10690.74,106.90740000000001
CR_443,78,25000.0,60,Closed,Real Estate,15086.68,60.34672
CR_444,563,1000.0,24,Default,Car,1456.91,145.691
CR_445,466,1000.0,6,Active,Car,1337.91,133.79100000000003
CR_446,400,500.0,24,Closed,Car,478.82,95.764
CR_447,428,500.0,6,Active,Real Estate,497.76,99.55199999999999
CR_448,155,1000.0,36,Closed,Car,957.33,95.733
CR_449,120,1000.0,36,Default,Deposit,1307.26,130.726
CR_450,148,25000.0,12,Active,Real Estate,16217.57,64.87028000000001
CR_451,204,25000.0,60,Closed,Nothing,0.0,0.0
CR_452,962,1000.0,60,Closed,Car,534.59,53.459
CR_453,347,50000.0,12,Closed,Deposit,55039.89,110.07978
CR_454,95,50000.0,36,Active,Nothing,0.0,0.0
CR_455,494,500.0,6,Default,Nothing,0.0,0.0
CR_456,931,5000.0,60,Default,Nothing,0.0,0.0
CR_457,102,15275.671406003159,12,Closed,Car,0.0,0.0
CR_458,317,50000.0,12,Closed,Car,54841.25,109.68249999999999
CR_459,310,1000.0,24,Closed,Real Estate,733.96,73.396
CR_460,590,25000.0,60,Default,Car,35591.93,142.36772
CR_461,760,500.0,12,Closed,Deposit,679.79,135.958
CR_462,951,10000.0,24,Default,Real Estate,12173.34,121.73339999999999
CR_463,757,5000.0,12,Default,Deposit,3023.17,60.4634
CR_464,582,1000.0,12,Active,Deposit,1470.8,147.07999999999998
CR_465,621,1000.0,24,Closed,Nothing,0.0,0.0
CR_466,112,50000.0,12,Closed,Nothing,0.0,0.0
CR_467,740,25000.0,12,Active,Nothing,0.0,0.0
CR_468,220,5000.0,12,Default,Deposit,3382.01,67.64020000000001
CR_469,889,10000.0,24,Closed,Real Estate,11116.84,111.1684
CR_470,996,500.0,60,Default,Car,433.63,86.726
CR_471,286,25000.0,12,Active,Deposit,20497.74,81.99096
CR_472,213,10000.0,36,Default,Real Estate,9039.28,90.39280000000001
CR_473,188,50000.0,6,Closed,Real Estate,32813.62,65.62724000000001
CR_474,84,5000.0,6,Active,Car,2587.25,51.745
CR_475,646,25000.0,6,Closed,Car,33431.23,133.72492
CR_476,768,10000.0,6,Active,Real Estate,11469.02,114.6902
CR_477,243,1000.0,6,Default,Deposit,1345.17,134.517
CR_478,628,1000.0,36,Closed,Real Estate,565.6,56.56
CR_479,78,1000.0,60,Active,Nothing,0.0,0.0
CR_480,87,50000.0,12,Default,Nothing,0.0,0.0
CR_481,600,1000.0,60,Active,Real Estate,1416.57,141.65699999999998
CR_482,892,1000.0,36,Default,Deposit,936.46,93.646
CR_483,484,500.0,12,Closed,Car,495.88,99.176
CR_484,77,15275.671406003159,6,Active,Car,0.0,0.0
CR_485,129,15275.671406003159,60,Closed,Deposit,0.0,0.0
CR_486,392,15275.671406003159,24,Closed,Car,0.0,0.0
CR_487,713,5000.0,24,Active,Car,7167.06,143.34120000000001
CR_488,902,500.0,6,Default,Deposit,506.31,101.262
CR_489,929,10000.0,60,Default,Nothing,0.0,0.0
CR_490,167,25000.0,6,Active,Nothing,0.0,0.0
CR_491,558,50000.0,6,Active,Real Estate,40968.58,81.93716
CR_492,711,10000.0,12,Default,Deposit,14780.79,147.80790000000002
CR_493,585,500.0,60,Default,Deposit,545.97,109.19400000000002
CR_494,797,500.0,36,Default,Nothing,0.0,0.0
CR_495,521,5000.0,12,Active,Car,2925.22,58.504400000000004
CR_496,124,10000.0,6,Default,Nothing,0.0,0.0
CR_497,715,15275.671406003159,12,Closed,Car,0.0,0.0
CR_498,412,50000.0,60,Active,Car,72637.87,145.27573999999998
CR_499,783,25000.0,24,Default,Car,37126.59,148.50636
CR_500,837,5000.0,24,Default,Real Estate,6106.47,122.1294
CR_501,628,10000.0,24,Default,Deposit,6690.91,66.9091
CR_502,604,5000.0,36,Default,Real Estate,7298.29,145.9658
CR_503,172,15275.671406003159,36,Active,Deposit,0.0,0.0
CR_504,173,25000.0,12,Active,Car,26166.68,104.66672
CR_505,837,25000.0,24,Default,Deposit,20979.01,83.91604
CR_506,257,15275.671406003159,12,Default,Car,0.0,0.0
CR_507,632,15275.671406003159,60,Default,Real Estate,0.0,0.0
CR_508,564,10000.0,24,Default,Car,12715.02,127.15020000000001
CR_509,122,15275.671406003159,24,Active,Car,0.0,0.0
CR_510,5,10000.0,12,Default,Nothing,0.0,0.0
CR_511,278,1000.0,36,Default,Real Estate,1015.24,101.52399999999999
CR_512,72,15275.671406003159,12,Default,Deposit,0.0,0.0
CR_513,148,50000.0,36,Closed,Car,28418.02,56.83604
CR_514,382,5000.0,60,Default,Real Estate,6700.26,134.0052
CR_515,445,5000.0,12,Default,Deposit,6386.51,127.7302
CR_516,383,15275.671406003159,12,Closed,Real Estate,0.0,0.0
CR_517,554,50000.0,12,Default,Real Estate,36155.32,72.31064
CR_518,968,1000.0,6,Active,Nothing,0.0,0.0
CR_519,880,15275.671406003159,24,Active,Deposit,0.0,0.0
CR_520,965,1000.0,24,Active,Car,1408.4,140.84
CR_521,782,50000.0,36,Closed,Nothing,0.0,0.0
CR_522,320,10000.0,12,Default,Deposit,8347.32,83.47319999999999
CR_523,258,15275.671406003159,6,Closed,Deposit,0.0,0.0
CR_524,147,15275.671406003159,60,Active,Nothing,0.0,0.0
CR_525,498,15275.671406003159,36,Closed,Car,0.0,0.0
CR_526,629,25000.0,12,Active,Nothing,0.0,0.0
CR_527,520,1000.0,12,Closed,Nothing,0.0,0.0
CR_528,37,25000.0,36,Closed,Deposit,32922.41,131.68964
CR_529,907,10000.0,24,Default,Car,6277.34,62.7734
CR_530,343,5000.0,36,Active,Real Estate,6912.29,138.2458
CR_531,583,500.0,12,Default,Nothing,0.0,0.0
CR_532,328,5000.0,6,Default,Deposit,7191.27,143.8254
CR_533,939,5000.0,6,Closed,Deposit,5032.01,100.64020000000001
CR_534,547,500.0,12,Closed,Deposit,602.04,120.40799999999999
CR_535,348,5000.0,36,Active,Real Estate,5927.15,118.54299999999999
CR_536,986,5000.0,24,Active,Real Estate,3355.23,67.1046
CR_537,974,15275.671406003159,6,Default,Deposit,0.0,0.0
CR_538,520,5000.0,60,Closed,Real Estate,3663.0,73.26
CR_539,464,1000.0,6,Default,Deposit,900.44,90.044
CR_540,170,25000.0,36,Closed,Real Estate,14559.43,58.23772
CR_541,406,50000.0,60,Closed,Real Estate,70625.21,141.25042000000002
CR_542,531,25000.0,6,Active,Deposit,21873.18,87.49272
CR_543,134,15275.671406003159,60,Active,Car,0.0,0.0
CR_544,416,15275.671406003159,24,Default,Deposit,0.0,0.0
CR_545,583,15275.671406003159,6,Closed,Nothing,0.0,0.0
CR_546,230,25000.0,60,Closed,Deposit,33119.71,132.47884
CR_547,753,15275.671406003159,12,Closed,Real Estate,0.0,0.0
CR_548,700,50000.0,24,Active,Nothing,0.0,0.0
CR_549,767,5000.0,6,Closed,Car,7257.81,145.1562
CR_550,970,5000.0,6,Default,Nothing,0.0,0.0
CR_551,406,15275.671406003159,60,Default,Car,0.0,0.0
CR_552,304,50000.0,6,Active,Real Estate,56943.4,113.8868
CR_553,532,1000.0,6,Default,Real Estate,1385.11,138.511
CR_554,364,500.0,60,Active,Nothing,0.0,0.0
CR_555,461,10000.0,24,Default,Nothing,0.0,0.0
CR_556,465,10000.0,36,Active,Real Estate,5447.19,54.4719
CR_557,818,1000.0,24,Active,Deposit,577.29,57.729
CR_558,289,5000.0,24,Default,Real Estate,3798.07,75.9614
CR_559,496,25000.0,60,Default,Nothing,0.0,0.0
CR_560,404,500.0,36,Default,Car,643.26,128.652
CR_561,761,500.0,12,Default,Nothing,0.0,0.0
CR_562,227,25000.0,6,Active,Real Estate,33318.7,133.27479999999997
CR_563,128,50000.0,60,Active,Nothing,0.0,0.0
CR_564,882,50000.0,60,Default,Deposit,31899.21,63.79842
CR_565,73,25000.0,60,Closed,Real Estate,30921.35,123.68539999999999
CR_566,411,50000.0,6,Active,Deposit,63947.04,127.89408
CR_567,236,25000.0,36,Active,Deposit,20703.94,82.81576
CR_568,858,15275.671406003159,24,Default,Car,0.0,0.0
CR_569,50,500.0,60,Default,Real Estate,438.53,87.70599999999999
CR_570,149,25000.0,12,Closed,Car,16406.5,65.62599999999999
CR_571,457,10000.0,12,Active,Car,10619.83,106.19829999999999
CR_572,611,500.0,60,Default,Nothing,0.0,0.0
CR_573,80,25000.0,60,Active,Nothing,0.0,0.0
CR_574,99,10000.0,24,Closed,Nothing,0.0,0.0
CR_575,639,10000.0,36,Closed,Car,6382.61,63.8261
CR_576,220,1000.0,6,Closed,Nothing,0.0,0.0
CR_577,720,10000.0,36,Active,Deposit,11879.48,118.7948
CR_578,821,500.0,36,Active,Real Estate,331.91,66.382
CR_579,438,10000.0,24,Default,Car,11147.21,111.47209999999998
CR_580,357,500.0,60,Active,Real Estate,599.82,119.964
CR_581,3,50000.0,36,Default,Nothing,0.0,0.0
CR_582,649,15275.671406003159,12,Active,Nothing,0.0,0.0
CR_583,413,1000.0,24,Active,Nothing,0.0,0.0
CR_584,318,50000.0,12,Active,Nothing,0.0,0.0
CR_585,306,25000.0,24,Closed,Car,17656.62,70.62647999999999
CR_586,150,5000.0,6,Default,Car,5913.42,118.26840000000001
CR_587,380,15275.671406003159,6,Closed,Nothing,0.0,0.0
CR_588,535,1000.0,60,Active,Deposit,1092.56,109.256
CR_589,139,25000.0,12,Active,Nothing,0.0,0.0
CR_590,912,25000.0,60,Closed,Car,24565.26,98.26104
CR_591,661,15275.671406003159,24,Default,Car,0.0,0.0
CR_592,851,15275.671406003159,60,Default,Nothing,0.0,0.0
CR_593,888,5000.0,60,Default,Deposit,4460.98,89.21959999999999
CR_594,879,5000.0,12,Active,Car,5897.71,117.95420000000001
CR_595,294,15275.671406003159,6,Default,Car,0.0,0.0
CR_596,596,50000.0,24,Default,Nothing,0.0,0.0
CR_597,113,15275.671406003159,60,Closed,Nothing,0.0,0.0
CR_598,419,15275.671406003159,6,Closed,Nothing,0.0,0.0
CR_599,203,25000.0,36,Closed,Nothing,0.0,0.0
CR_600,856,15275.671406003159,6,Default,Real Estate,0.0,0.0
CR_601,989,1000.0,12,Default,Car,1443.43,144.343
CR_602,326,5000.0,60,Default,Deposit,3553.82,71.0764
CR_603,763,500.0,60,Active,Nothing,0.0,0.0
CR_604,510,5000.0,6,Active,Car,4181.69,83.6338
CR_605,766,1000.0,24,Default,Real Estate,834.78,83.478
CR_606,780,5000.0,12,Closed,Real Estate,5864.02,117.28040000000001
CR_607,634,5000.0,60,Default,Car,4052.28,81.04560000000001
CR_608,722,25000.0,12,Default,Real Estate,13754.66,55.01864
CR_609,140,10000.0,36,Closed,Real Estate,8911.74,89.1174
CR_610,541,1000.0,60,Active,Nothing,0.0,0.0
CR_611,117,50000.0,6,Active,Nothing,0.0,0.0
CR_612,507,1000.0,12,Default,Real Estate,1202.14,120.21400000000003
CR_613,957,10000.0,6,Active,Car,10020.54,100.2054
CR_614,82,500.0,12,Closed,Real Estate,745.97,149.19400000000002
CR_615,756,500.0,12,Default,Real Estate,366.21,73.24199999999999
CR_616,149,15275.671406003159,6,Default,Real Estate,0.0,0.0
CR_617,751,15275.671406003159,24,Default,Deposit,0.0,0.0
CR_618,480,50000.0,24,Active,Nothing,0.0,0.0
CR_619,282,500.0,60,Default,Car,412.04,82.408
CR_620,480,500.0,24,Active,Deposit,258.11,51.622
CR_621,576,1000.0,6,Active,Deposit,1284.98,128.498
CR_622,269,10000.0,12,Closed,Deposit,5079.89,50.7989
CR_623,373,10000.0,6,Closed,Nothing,0.0,0.0
CR_624,865,500.0,12,Default,Deposit,317.17,63.434000000000005
CR_625,234,5000.0,36,Closed,Car,4214.34,84.2868
CR_626,706,500.0,12,Active,Real Estate,583.35,116.67
CR_627,108,1000.0,24,Default,Nothing,0.0,0.0
CR_628,36,10000.0,24,Default,Deposit,9030.06,90.3006
CR_629,851,10000.0,60,Active,Nothing,0.0,0.0
CR_630,348,50000.0,36,Default,Real Estate,38810.97,77.62194
CR_631,139,5000.0,24,Default,Car,6821.21,136.42419999999998
CR_632,465,15275.671406003159,12,Closed,Real Estate,0.0,0.0
CR_633,695,1000.0,6,Active,Deposit,1130.01,113.00099999999999
CR_634,965,50000.0,24,Closed,Real Estate,53495.84,106.99167999999999
CR_635,974,15275.671406003159,60,Closed,Car,0.0,0.0
CR_636,967,15275.671406003159,6,Default,Deposit,0.0,0.0
CR_637,957,10000.0,12,Closed,Real Estate,12263.49,122.63489999999999
CR_638,5,1000.0,6,Closed,Nothing,0.0,0.0
CR_639,416,10000.0,36,Closed,Real Estate,12523.8,125.23799999999999
CR_640,82,1000.0,36,Closed,Real Estate,1084.01,108.401
CR_641,196,25000.0,24,Default,Car,24864.88,99.45952
CR_642,607,10000.0,24,Closed,Real Estate,11465.18,114.6518
CR_643,61,50000.0,60,Closed,Deposit,31683.85,63.36769999999999
CR_644,505,15275.671406003159,36,Closed,Car,0.0,0.0
CR_645,428,500.0,60,Closed,Car,459.83,91.966
CR_646,112,5000.0,24,Active,Real Estate,6160.06,123.20120000000001
CR_647,536,500.0,12,Closed,Deposit,278.99,55.798
CR_648,731,10000.0,36,Default,Deposit,5522.8,55.228
CR_649,366,10000.0,36,Closed,Car,8296.38,82.96379999999999
CR_650,840,25000.0,6,Active,Car,32241.07,128.96428
CR_651,632,50000.0,12,Default,Car,33723.32,67.44664
CR_652,991,1000.0,12,Active,Real Estate,849.25,84.925
CR_653,434,15275.671406003159,6,Active,Real Estate,0.0,0.0
CR_654,618,15275.671406003159,24,Closed,Real Estate,0.0,0.0
CR_655,126,5000.0,12,Active,Real Estate,5597.47,111.9494
CR_656,162,10000.0,60,Active,Deposit,11272.65,112.7265
CR_657,175,25000.0,12,Default,Real Estate,25379.6,101.51839999999999
CR_658,889,500.0,36,Closed,Nothing,0.0,0.0
CR_659,101,500.0,24,Active,Car,263.89,52.778000000000006
CR_660,659,50000.0,6,Active,Deposit,71632.6,143.2652
CR_661,313,10000.0,12,Active,Deposit,5659.03,56.59029999999999
CR_662,908,500.0,6,Default,Car,443.91,88.78200000000001
CR_663,207,25000.0,36,Closed,Car,26919.44,107.67776
CR_664,528,500.0,60,Active,Deposit,621.14,124.22800000000001
CR_665,564,5000.0,12,Active,Car,6801.44,136.0288
CR_666,999,500.0,6,Default,Deposit,354.35,70.87
CR_667,769,1000.0,60,Active,Car,1039.68,103.96800000000002
CR_668,436,25000.0,12,Closed,Nothing,0.0,0.0
CR_669,463,1000.0,60,Active,Real Estate,1358.1,135.80999999999997
CR_670,499,1000.0,12,Closed,Real Estate,965.28,96.528
CR_671,317,500.0,12,Default,Nothing,0.0,0.0
CR_672,181,15275.671406003159,6,Default,Car,0.0,0.0
CR_673,513,500.0,6,Default,Car,569.73,113.94600000000001
CR_674,400,15275.671406003159,36,Closed,Deposit,0.0,0.0
CR_675,958,5000.0,36,Default,Car,3856.23,77.1246
CR_676,717,5000.0,60,Closed,Deposit,4405.58,88.1116
CR_677,155,15275.671406003159,12,Active,Nothing,0.0,0.0
CR_678,289,25000.0,12,Active,Real Estate,26870.83,107.48332
CR_679,101,50000.0,36,Active,Real Estate,73517.72,147.03544
CR_680,874,15275.671406003159,24,Default,Car,0.0,0.0
CR_681,726,1000.0,24,Closed,Real Estate,673.62,67.362
CR_682,299,50000.0,60,Default,Deposit,38013.09,76.02617999999998
CR_683,404,500.0,12,Closed,Nothing,0.0,0.0
CR_684,612,10000.0,24,Closed,Nothing,0.0,0.0
CR_685,392,1000.0,24,Active,Nothing,0.0,0.0
CR_686,260,50000.0,36,Active,Deposit,26497.67,52.99534
CR_687,664,500.0,12,Default,Car,366.3,73.26
CR_688,749,5000.0,60,Closed,Car,6668.19,133.3638
CR_689,12,5000.0,12,Active,Real Estate,6619.77,132.3954
CR_690,715,1000.0,36,Closed,Deposit,1233.49,123.349
CR_691,312,500.0,6,Default,Nothing,0.0,0.0
CR_692,414,500.0,12,Default,Deposit,504.19,100.83800000000001
CR_693,278,5000.0,60,Closed,Real Estate,7183.38,143.6676
CR_694,532,500.0,6,Closed,Real Estate,647.8,129.55999999999997
CR_695,323,25000.0,36,Default,Real Estate,15343.87,61.37548
CR_696,601,500.0,60,Default,Nothing,0.0,0.0
CR_697,4,500.0,36,Active,Deposit,629.45,125.89000000000001
CR_698,814,15275.671406003159,36,Active,Car,0.0,0.0
CR_699,442,25000.0,36,Active,Deposit,23424.59,93.69836000000001
CR_700,863,50000.0,12,Default,Car,47618.51,95.23702
CR_701,854,1000.0,6,Active,Nothing,0.0,0.0
CR_702,980,1000.0,6,Closed,Deposit,824.02,82.402
CR_703,316,500.0,36,Closed,Real Estate,688.63,137.726
CR_704,84,1000.0,60,Closed,Deposit,722.63,72.263
CR_705,896,10000.0,6,Closed,Nothing,0.0,0.0
CR_706,212,500.0,12,Active,Car,601.18,120.23599999999999
CR_707,373,500.0,24,Active,Real Estate,306.54,61.30800000000001
CR_708,65,500.0,24,Closed,Car,450.33,90.066
CR_709,808,10000.0,24,Active,Deposit,12721.0,127.21000000000001
CR_710,98,25000.0,6,Active,Real Estate,14524.08,58.09632
CR_711,313,10000.0,12,Active,Real Estate,13319.34,133.1934
CR_712,100,5000.0,12,Default,Deposit,4370.31,87.40620000000001
CR_713,25,5000.0,24,Active,Nothing,0.0,0.0
CR_714,743,5000.0,60,Closed,Deposit,4572.03,91.44059999999999
CR_715,13,5000.0,6,Closed,Real Estate,5269.49,105.3898
CR_716,325,50000.0,60,Closed,Nothing,0.0,0.0
CR_717,718,50000.0,36,Active,Deposit,62569.8,125.1396
CR_718,888,25000.0,12,Active,Deposit,13741.91,54.967639999999996
CR_719,501,10000.0,12,Default,Real Estate,10233.44,102.3344
CR_720,200,50000.0,24,Default,Car,56096.42,112.19284
CR_721,920,10000.0,12,Default,Car,11557.5,115.575
CR_722,180,500.0,36,Default,Deposit,621.24,124.248
CR_723,112,15275.671406003159,24,Active,Deposit,0.0,0.0
CR_724,474,1000.0,24,Closed,Car,867.07,86.707
CR_725,301,10000.0,60,Active,Real Estate,13546.99,135.4699
CR_726,35,15275.671406003159,36,Closed,Real Estate,0.0,0.0
CR_727,99,1000.0,36,Default,Real Estate,1188.02,118.802
CR_728,408,500.0,60,Closed,Car,306.95,61.39
CR_729,785,15275.671406003159,24,Active,Real Estate,0.0,0.0
CR_730,395,1000.0,12,Closed,Car,825.96,82.596
CR_731,353,10000.0,24,Active,Nothing,0.0,0.0
CR_732,118,50000.0,36,Closed,Car,69126.29,138.25257999999997
CR_733,997,500.0,24,Closed,Deposit,636.54,127.30799999999999
CR_734,927,1000.0,12,Active,Nothing,0.0,0.0
CR_735,954,15275.671406003159,60,Active,Real Estate,0.0,0.0
CR_736,957,1000.0,36,Closed,Nothing,0.0,0.0
CR_737,539,10000.0,12,Closed,Nothing,0.0,0.0
CR_738,155,15275.671406003159,60,Closed,Car,0.0,0.0
CR_739,776,5000.0,12,Active,Real Estate,6064.72,121.2944
CR_740,681,500.0,6,Closed,Car,608.81,121.76199999999999
CR_741,372,15275.671406003159,24,Active,Real Estate,0.0,0.0
CR_742,558,50000.0,6,Active,Real Estate,71100.21,142.20042
CR_743,950,50000.0,60,Active,Deposit,27293.51,54.587019999999995
CR_744,316,25000.0,12,Closed,Nothing,0.0,0.0
CR_745,993,500.0,6,Closed,Nothing,0.0,0.0
CR_746,814,15275.671406003159,60,Closed,Real Estate,0.0,0.0
CR_747,192,1000.0,6,Closed,Car,1142.96,114.29599999999999
CR_748,486,500.0,12,Default,Real Estate,668.95,133.79000000000002
CR_749,973,500.0,6,Active,Deposit,637.46,127.492
CR_750,662,15275.671406003159,36,Closed,Deposit,0.0,0.0
CR_751,155,10000.0,24,Active,Deposit,8116.57,81.1657
CR_752,277,5000.0,60,Closed,Real Estate,3848.0,76.96
CR_753,229,10000.0,24,Default,Car,7171.07,71.71069999999999
CR_754,432,500.0,12,Default,Car,371.05,74.21
CR_755,518,15275.671406003159,6,Closed,Deposit,0.0,0.0
CR_756,638,500.0,6,Closed,Deposit,340.21,68.04199999999999
CR_757,317,500.0,12,Active,Deposit,619.57,123.91400000000002
CR_758,344,500.0,6,Active,Real Estate,545.59,109.11800000000001
CR_759,393,25000.0,60,Default,Nothing,0.0,0.0
CR_760,298,15275.671406003159,24,Default,Deposit,0.0,0.0
CR_761,579,15275.671406003159,6,Active,Car,0.0,0.0
CR_762,156,5000.0,12,Closed,Real Estate,5148.94,102.97879999999999
CR_763,751,25000.0,24,Active,Nothing,0.0,0.0
CR_764,291,1000.0,60,Active,Car,1019.27,101.92699999999999
CR_765,419,5000.0,60,Active,Car,4163.26,83.26520000000001
CR_766,655,500.0,36,Closed,Car,628.4,125.67999999999999
CR_767,639,50000.0,6,Active,Real Estate,70245.36,140.49072
CR_768,311,50000.0,12,Default,Car,71106.98,142.21396
CR_769,907,500.0,12,Active,Real Estate,542.25,108.45
CR_770,916,10000.0,60,Active,Nothing,0.0,0.0
CR_771,181,500.0,24,Active,Nothing,0.0,0.0
CR_772,854,25000.0,36,Default,Nothing,0.0,0.0
CR_773,693,5000.0,12,Closed,Deposit,5007.6,100.152
CR_774,999,5000.0,60,Default,Deposit,4606.38,92.1276
CR_775,754,15275.671406003159,12,Active,Nothing,0.0,0.0
CR_776,196,5000.0,60,Active,Nothing,0.0,0.0
CR_777,983,15275.671406003159,60,Default,Nothing,0.0,0.0
CR_778,287,500.0,60,Active,Car,384.38,76.876
CR_779,415,50000.0,24,Active,Deposit,65624.64,131.24928
CR_780,732,25000.0,6,Closed,Real Estate,35576.3,142.3052
CR_781,357,5000.0,6,Default,Deposit,5123.92,102.4784
CR_782,276,25000.0,6,Closed,Real Estate,18121.6,72.48639999999999
CR_783,695,500.0,6,Active,Deposit,566.69,113.33800000000001
CR_784,275,25000.0,60,Default,Real Estate,28794.23,115.17692
CR_785,329,15275.671406003159,36,Closed,Deposit,0.0,0.0
CR_786,92,25000.0,6,Closed,Deposit,36030.94,144.12376
CR_787,104,500.0,6,Closed,Real Estate,543.03,108.60600000000001
CR_788,704,1000.0,24,Closed,Real Estate,1264.13,126.41300000000003
CR_789,578,500.0,60,Active,Car,388.6,77.72
CR_790,315,1000.0,36,Active,Deposit,897.56,89.75599999999999
CR_791,688,25000.0,60,Closed,Deposit,21467.98,85.87192
CR_792,528,25000.0,36,Active,Nothing,0.0,0.0
CR_793,669,5000.0,12,Default,Nothing,0.0,0.0
CR_794,851,1000.0,36,Default,Car,584.04,58.404
CR_795,724,1000.0,36,Active,Real Estate,1167.24,116.724
CR_796,44,50000.0,6,Closed,Deposit,65479.24,130.95847999999998
CR_797,388,50000.0,24,Default,Real Estate,54057.77,108.11553999999998
CR_798,834,500.0,36,Active,Nothing,0.0,0.0
CR_799,981,10000.0,12,Active,Real Estate,9792.84,97.92840000000001
CR_800,396,10000.0,6,Closed,Deposit,14399.23,143.9923
CR_801,940,1000.0,36,Default,Nothing,0.0,0.0
CR_802,974,10000.0,36,Closed,Car,7399.6,73.99600000000001
CR_803,207,5000.0,24,Active,Car,3324.69,66.49380000000001
CR_804,3,15275.671406003159,36,Active,Nothing,0.0,0.0
CR_805,363,15275.671406003159,36,Default,Deposit,0.0,0.0
CR_806,744,1000.0,60,Closed,Deposit,1130.8,113.08
CR_807,773,10000.0,12,Closed,Deposit,14552.9,145.529
CR_808,409,50000.0,60,Active,Nothing,0.0,0.0
CR_809,294,15275.671406003159,24,Closed,Car,0.0,0.0
CR_810,338,50000.0,12,Active,Real Estate,49411.04,98.82208
CR_811,454,50000.0,12,Active,Car,72878.43,145.75686
CR_812,510,500.0,12,Active,Deposit,459.68,91.936
CR_813,658,50000.0,24,Active,Deposit,73183.72,146.36744
CR_814,522,5000.0,24,Active,Real Estate,4363.76,87.27520000000001
CR_815,609,1000.0,36,Active,Nothing,0.0,0.0
CR_816,704,15275.671406003159,24,Closed,Car,0.0,0.0
CR_817,926,500.0,60,Default,Car,403.3,80.66
CR_818,851,1000.0,60,Active,Real Estate,696.19,69.61900000000001
CR_819,26,15275.671406003159,12,Closed,Deposit,0.0,0.0
CR_820,852,15275.671406003159,36,Active,Deposit,0.0,0.0
CR_821,833,1000.0,6,Active,Nothing,0.0,0.0
CR_822,926,1000.0,36,Active,Car,1069.52,106.952
CR_823,282,50000.0,36,Closed,Nothing,0.0,0.0
CR_824,894,10000.0,12,Closed,Deposit,5359.27,53.59270000000001
CR_825,401,15275.671406003159,12,Closed,Car,0.0,0.0
CR_826,543,25000.0,6,Closed,Nothing,0.0,0.0
CR_827,52,10000.0,24,Active,Real Estate,7375.74,73.75739999999999
CR_828,341,1000.0,60,Closed,Real Estate,742.1,74.21
CR_829,845,15275.671406003159,60,Default,Real Estate,0.0,0.0
CR_830,697,1000.0,60,Closed,Nothing,0.0,0.0
CR_831,388,50000.0,60,Closed,Car,53424.05,106.8481
CR_832,149,15275.671406003159,36,Active,Car,0.0,0.0
CR_833,571,10000.0,24,Active,Nothing,0.0,0.0
CR_834,709,1000.0,36,Active,Nothing,0.0,0.0
CR_835,853,25000.0,60,Default,Deposit,15294.29,61.17716000000001
CR_836,612,15275.671406003159,60,Closed,Real Estate,0.0,0.0
CR_837,788,25000.0,36,Default,Deposit,27558.39,110.23356
CR_838,997,10000.0,60,Closed,Car,7671.86,76.7186
CR_839,339,500.0,24,Default,Real Estate,623.2,124.64000000000001
CR_840,286,1000.0,60,Default,Real Estate,873.09,87.309
CR_841,16,10000.0,36,Default,Nothing,0.0,0.0
CR_842,678,10000.0,36,Default,Nothing,0.0,0.0
CR_843,480,10000.0,60,Default,Deposit,5857.2,58.572
CR_844,887,5000.0,6,Default,Deposit,6341.31,126.8262
CR_845,737,1000.0,12,Active,Car,868.4,86.83999999999999
CR_846,897,10000.0,6,Closed,Car,7880.08,78.80080000000001
CR_847,139,500.0,12,Active,Car,350.73,70.14600000000002
CR_848,821,500.0,60,Default,Real Estate,605.71,121.14200000000001
CR_849,588,10000.0,12,Default,Nothing,0.0,0.0
CR_850,730,500.0,60,Default,Car,705.46,141.092
CR_851,723,15275.671406003159,36,Closed,Deposit,0.0,0.0
CR_852,168,500.0,24,Default,Deposit,528.61,105.72200000000001
CR_853,591,25000.0,60,Active,Nothing,0.0,0.0
CR_854,184,1000.0,6,Active,Deposit,824.24,82.42399999999999
CR_855,348,15275.671406003159,60,Default,Deposit,0.0,0.0
CR_856,330,10000.0,36,Default,Deposit,14539.89,145.3989
CR_857,388,10000.0,60,Default,Car,12272.06,122.7206
CR_858,746,1000.0,12,Closed,Real Estate,1041.95,104.19500000000002
CR_859,81,10000.0,36,Closed,Deposit,7403.98,74.0398
CR_860,465,500.0,36,Default,Nothing,0.0,0.0
CR_861,971,1000.0,60,Closed,Real Estate,1183.71,118.37100000000001
CR_862,453,500.0,12,Default,Deposit,386.61,77.322
CR_863,44,1000.0,6,Active,Deposit,790.46,79.046
CR_864,99,5000.0,60,Default,Real Estate,3305.74,66.1148
CR_865,297,1000.0,60,Closed,Nothing,0.0,0.0
CR_866,160,5000.0,12,Active,Real Estate,7105.35,142.107
CR_867,482,15275.671406003159,36,Default,Nothing,0.0,0.0
CR_868,281,25000.0,24,Closed,Real Estate,16437.15,65.7486
CR_869,253,25000.0,60,Closed,Nothing,0.0,0.0
CR_870,766,15275.671406003159,6,Active,Real Estate,0.0,0.0
CR_871,350,15275.671406003159,12,Default,Nothing,0.0,0.0
CR_872,988,50000.0,6,Default,Deposit,52977.62,105.95524
CR_873,366,50000.0,24,Active,Nothing,0.0,0.0
CR_874,844,15275.671406003159,6,Closed,Car,0.0,0.0
CR_875,34,25000.0,60,Active,Nothing,0.0,0.0
CR_876,767,500.0,24,Active,Nothing,0.0,0.0
CR_877,207,5000.0,24,Active,Deposit,3663.82,73.27640000000001
CR_878,296,1000.0,12,Closed,Nothing,0.0,0.0
CR_879,761,15275.671406003159,24,Closed,Real Estate,0.0,0.0
CR_880,548,25000.0,60,Closed,Deposit,20503.89,82.01556
CR_881,103,50000.0,6,Default,Real Estate,68631.43,137.26286
CR_882,648,25000.0,60,Closed,Real Estate,20952.78,83.81111999999999
CR_883,129,5000.0,36,Default,Deposit,7345.29,146.9058
CR_884,753,50000.0,60,Active,Nothing,0.0,0.0
CR_885,655,25000.0,12,Active,Deposit,31331.98,125.32791999999999
CR_886,341,15275.671406003159,6,Active,Car,0.0,0.0
CR_887,902,50000.0,60,Closed,Deposit,67628.18,135.25635999999997
CR_888,464,10000.0,12,Closed,Deposit,12705.54,127.05540000000002
CR_889,58,1000.0,12,Closed,Real Estate,1014.0,101.4
CR_890,858,10000.0,36,Default,Real Estate,9939.01,99.3901
CR_891,589,5000.0,24,Active,Deposit,6056.76,121.1352
CR_892,269,1000.0,36,Default,Nothing,0.0,0.0
CR_893,756,5000.0,60,Closed,Deposit,7033.22,140.6644
CR_894,832,1000.0,12,Default,Deposit,1383.89,138.389
CR_895,846,5000.0,6,Closed,Deposit,4941.38,98.8276
CR_896,208,15275.671406003159,36,Closed,Real Estate,0.0,0.0
CR_897,663,25000.0,12,Closed,Real Estate,12685.72,50.74288
CR_898,509,5000.0,6,Default,Deposit,5198.04,103.9608
CR_899,130,500.0,6,Default,Deposit,336.08,67.216
CR_900,121,500.0,24,Closed,Deposit,559.55,111.91
CR_901,644,50000.0,6,Active,Nothing,0.0,0.0
CR_902,726,25000.0,24,Closed,Real Estate,14729.03,58.91612000000001
CR_903,451,500.0,24,Default,Nothing,0.0,0.0
CR_904,24,500.0,60,Closed,Nothing,0.0,0.0
CR_905,181,5000.0,60,Active,Car,4104.96,82.09920000000001
CR_906,371,1000.0,24,Default,Real Estate,1211.81,121.18100000000001
CR_907,238,50000.0,60,Default,Real Estate,71365.32,142.73064000000002
CR_908,336,25000.0,36,Active,Deposit,34595.05,138.38020000000003
CR_909,500,500.0,12,Default,Nothing,0.0,0.0
CR_910,590,500.0,6,Closed,Car,283.4,56.68
CR_911,59,25000.0,60,Closed,Real Estate,19983.33,79.93332000000001
CR_912,531,1000.0,24,Active,Real Estate,975.18,97.518
CR_913,116,50000.0,36,Default,Deposit,59665.91,119.33182
CR_914,785,10000.0,60,Closed,Real Estate,6519.52,65.19520000000001
CR_915,913,50000.0,36,Active,Deposit,50930.8,101.8616
CR_916,727,25000.0,12,Closed,Real Estate,34535.98,138.14392
CR_917,502,1000.0,36,Active,Car,678.81,67.88099999999999
CR_918,564,15275.671406003159,60,Closed,Real Estate,0.0,0.0
CR_919,310,5000.0,36,Closed,Real Estate,5412.04,108.24080000000001
CR_920,182,50000.0,24,Closed,Deposit,65146.93,130.29386
CR_921,65,5000.0,60,Default,Nothing,0.0,0.0
CR_922,234,50000.0,24,Closed,Real Estate,63978.31,127.95661999999999
CR_923,662,500.0,12,Default,Deposit,282.19,56.438
CR_924,547,10000.0,24,Closed,Nothing,0.0,0.0
CR_925,6,50000.0,36,Closed,Deposit,43074.25,86.1485
CR_926,783,25000.0,60,Closed,Nothing,0.0,0.0
CR_927,456,15275.671406003159,6,Default,Deposit,0.0,0.0
CR_928,983,50000.0,6,Closed,Deposit,51852.31,103.70462
CR_929,713,50000.0,6,Active,Real Estate,43115.91,86.23182
CR_930,97,10000.0,60,Default,Car,11200.94,112.00940000000001
CR_931,354,15275.671406003159,12,Active,Deposit,0.0,0.0
CR_932,535,500.0,12,Default,Nothing,0.0,0.0
CR_933,814,5000.0,6,Closed,Deposit,5673.74,113.47479999999999
CR_934,346,500.0,12,Default,Deposit,679.01,135.802
CR_935,69,25000.0,36,Active,Real Estate,16395.59,65.58236
CR_936,651,5000.0,60,Default,Deposit,2995.97,59.9194
CR_937,303,500.0,36,Active,Car,695.47,139.094
CR_938,577,1000.0,60,Default,Car,844.38,84.438
CR_939,973,25000.0,24,Active,Deposit,26142.59,104.57036
CR_940,613,500.0,36,Closed,Real Estate,636.83,127.366
CR_941,186,50000.0,60,Closed,Deposit,25976.37,51.95274
CR_942,915,15275.671406003159,36,Active,Real Estate,0.0,0.0
CR_943,580,50000.0,6,Default,Nothing,0.0,0.0
CR_944,951,10000.0,6,Active,Real Estate,11676.67,116.7667
CR_945,682,500.0,12,Active,Real Estate,541.41,108.28199999999998
CR_946,96,25000.0,6,Default,Real Estate,36725.72,146.90288
CR_947,965,1000.0,60,Active,Real Estate,1172.55,117.255
CR_948,862,50000.0,24,Default,Real Estate,41696.71,83.39341999999999
CR_949,8,50000.0,6,Active,Real Estate,53470.37,106.94074
CR_950,373,1000.0,60,Default,Nothing,0.0,0.0
CR_951,284,25000.0,12,Closed,Car,30458.69,121.83476
CR_952,489,10000.0,12,Active,Real Estate,10180.88,101.80879999999999
CR_953,696,50000.0,60,Default,Deposit,42589.56,85.17912
CR_954,557,25000.0,24,Default,Real Estate,22922.22,91.68888000000001
CR_955,73,25000.0,6,Closed,Car,37442.95,149.77179999999998
CR_956,753,10000.0,60,Default,Real Estate,14170.46,141.70459999999997
CR_957,447,5000.0,6,Active,Deposit,2674.11,53.4822
CR_958,345,15275.671406003159,36,Default,Nothing,0.0,0.0
CR_959,375,500.0,24,Closed,Car,618.06,123.612
CR_960,88,5000.0,12,Active,Real Estate,3582.73,71.6546
CR_961,227,25000.0,24,Closed,Real Estate,20428.84,81.71536
CR_962,259,500.0,36,Default,Deposit,653.02,130.60399999999998
CR_963,247,50000.0,60,Closed,Real Estate,25439.42,50.87883999999999
CR_964,630,10000.0,60,Closed,Nothing,0.0,0.0
CR_965,509,25000.0,6,Closed,Car,20161.22,80.64488
CR_966,361,1000.0,24,Default,Deposit,598.54,59.854
CR_967,717,15275.671406003159,36,Active,Car,0.0,0.0
CR_968,231,1000.0,36,Closed,Deposit,871.54,87.154
CR_969,941,15275.671406003159,60,Default,Deposit,0.0,0.0
CR_970,847,5000.0,6,Active,Car,6738.02,134.7604
CR_971,139,15275.671406003159,6,Active,Car,0.0,0.0
CR_972,543,1000.0,6,Default,Real Estate,988.21,98.821
CR_973,341,10000.0,12,Closed,Nothing,0.0,0.0
CR_974,849,25000.0,60,Active,Deposit,25382.76,101.53103999999999
CR_975,182,50000.0,36,Default,Real Estate,66577.38,133.15476
CR_976,154,15275.671406003159,12,Closed,Real Estate,0.0,0.0
CR_977,570,5000.0,24,Active,Real Estate,6778.17,135.5634
CR_978,989,25000.0,12,Default,Deposit,32383.88,129.53552000000002
CR_979,577,10000.0,6,Default,Car,14604.64,146.0464
CR_980,797,1000.0,6,Closed,Deposit,1406.73,140.673
CR_981,307,5000.0,12,Closed,Car,4555.41,91.1082
CR_982,460,15275.671406003159,24,Default,Car,0.0,0.0
CR_983,921,500.0,12,Closed,Car,410.2,82.04
CR_984,435,25000.0,24,Closed,Car,30944.15,123.77660000000002
CR_985,770,50000.0,36,Closed,Nothing,0.0,0.0
CR_986,593,15275.671406003159,6,Default,Car,0.0,0.0
CR_987,141,15275.671406003159,36,Active,Nothing,0.0,0.0
CR_988,915,5000.0,36,Default,Deposit,3549.31,70.9862
CR_989,642,1000.0,60,Active,Deposit,1133.89,113.38900000000001
CR_990,693,15275.671406003159,36,Default,Real Estate,0.0,0.0
CR_991,587,25000.0,36,Default,Nothing,0.0,0.0
CR_992,976,5000.0,12,Default,Real Estate,3441.07,68.8214
CR_993,687,500.0,6,Active,Real Estate,460.47,92.09400000000001
CR_994,724,50000.0,36,Default,Deposit,57934.78,115.86955999999999
CR_995,456,1000.0,6,Closed,Real Estate,686.3,68.63
CR_996,445,25000.0,36,Active,Real Estate,35396.49,141.58596
CR_997,857,500.0,36,Active,Real Estate,708.69,141.738
CR_998,435,5000.0,24,Closed,Nothing,0.0,0.0
CR_999,540,500.0,60,Closed,Deposit,343.95,68.78999999999999
CR_1000,765,25000.0,36,Active,Car,16824.44,67.29776
CR_1001,41,1000.0,24,Default,Car,662.06,66.206
CR_1002,2,1000.0,60,Default,Real Estate,1105.26,110.526
CR_1003,24,50000.0,6,Default,Car,27805.07,55.610139999999994
CR_1004,49,25000.0,36,Default,Deposit,29936.98,119.74792000000001
CR_1005,993,10000.0,6,Closed,Real Estate,6286.21,62.8621
CR_1006,953,15275.671406003159,60,Active,Real Estate,0.0,0.0
CR_1007,655,1000.0,12,Active,Real Estate,1034.18,103.418
CR_1008,235,50000.0,24,Closed,Real Estate,32085.97,64.17194
CR_1009,96,25000.0,36,Default,Deposit,14536.95,58.147800000000004
CR_1010,18,10000.0,24,Default,Nothing,0.0,0.0
CR_1011,135,15275.671406003159,60,Active,Car,0.0,0.0
CR_1012,827,50000.0,24,Default,Real Estate,73018.57,146.03714000000002
CR_1013,764,25000.0,36,Default,Real Estate,22678.26,90.71303999999999
CR_1014,411,50000.0,24,Default,Deposit,63273.46,126.54692
CR_1015,446,1000.0,6,Active,Real Estate,892.34,89.23400000000001
CR_1016,421,25000.0,60,Active,Deposit,18308.47,73.23388000000001
CR_1017,952,500.0,36,Default,Real Estate,623.97,124.79400000000001
CR_1018,748,50000.0,12,Closed,Real Estate,70856.29,141.71257999999997
CR_1019,767,500.0,24,Closed,Real Estate,425.96,85.19200000000001
CR_1020,779,1000.0,24,Active,Nothing,0.0,0.0
CR_1021,38,1000.0,24,Closed,Deposit,882.8,88.27999999999999
CR_1022,706,15275.671406003159,6,Active,Deposit,0.0,0.0
CR_1023,255,25000.0,12,Active,Car,13163.77,52.65508
CR_1024,35,1000.0,60,Default,Car,1250.7,125.07000000000002
CR_1025,266,15275.671406003159,12,Default,Real Estate,0.0,0.0
CR_1026,478,15275.671406003159,60,Closed,Car,0.0,0.0
CR_1027,462,500.0,24,Closed,Real Estate,656.39,131.27800000000002
CR_1028,537,10000.0,6,Closed,Real Estate,9520.18,95.2018
CR_1029,684,5000.0,12,Default,Car,6904.84,138.0968
CR_1030,608,500.0,36,Closed,Real Estate,335.84,67.16799999999999
CR_1031,22,25000.0,12,Active,Car,34537.61,138.15044
CR_1032,103,10000.0,12,Default,Car,5616.85,56.1685
CR_1033,384,500.0,6,Active,Nothing,0.0,0.0
CR_1034,79,50000.0,24,Active,Real Estate,64792.73,129.58545999999998
CR_1035,235,500.0,12,Closed,Nothing,0.0,0.0
CR_1036,900,500.0,36,Default,Nothing,0.0,0.0
CR_1037,272,10000.0,12,Active,Real Estate,14764.11,147.64110000000002
CR_1038,867,15275.671406003159,60,Default,Deposit,0.0,0.0
CR_1039,791,10000.0,24,Default,Real Estate,6824.32,68.24319999999999
CR_1040,23,500.0,12,Active,Nothing,0.0,0.0
CR_1041,155,5000.0,24,Default,Real Estate,7404.24,148.0848
CR_1042,510,1000.0,60,Default,Car,1236.01,123.601
CR_1043,910,50000.0,24,Default,Nothing,0.0,0.0
CR_1044,878,25000.0,24,Active,Nothing,0.0,0.0
CR_1045,164,500.0,60,Closed,Nothing,0.0,0.0
CR_1046,262,25000.0,60,Closed,Nothing,0.0,0.0
CR_1047,215,50000.0,12,Default,Car,28049.0,56.098000000000006
CR_1048,618,5000.0,60,Default,Real Estate,3646.35,72.92699999999999
CR_1049,510,10000.0,36,Active,Nothing,0.0,0.0
CR_1050,128,10000.0,12,Active,Car,14836.5,148.36499999999998
CR_1051,17,15275.671406003159,60,Default,Nothing,0.0,0.0
CR_1052,393,10000.0,12,Default,Real Estate,11704.76,117.0476
CR_1053,804,15275.671406003159,6,Default,Real Estate,0.0,0.0
CR_1054,699,1000.0,60,Default,Deposit,647.52,64.752
CR_1055,188,25000.0,36,Active,Real Estate,36579.86,146.31944000000001
CR_1056,739,15275.671406003159,12,Default,Nothing,0.0,0.0
CR_1057,154,25000.0,6,Default,Real Estate,29233.2,116.93279999999999
CR_1058,663,1000.0,60,Closed,Real Estate,618.0,61.8
CR_1059,599,10000.0,12,Default,Deposit,13210.46,132.1046
CR_1060,945,10000.0,6,Closed,Deposit,8197.84,81.97840000000001
CR_1061,980,25000.0,24,Active,Car,22109.08,88.43632
CR_1062,861,15275.671406003159,12,Active,Deposit,0.0,0.0
CR_1063,733,500.0,36,Active,Nothing,0.0,0.0
CR_1064,665,5000.0,36,Active,Nothing,0.0,0.0
CR_1065,44,1000.0,60,Default,Car,916.32,91.632
CR_1066,8,500.0,24,Default,Car,473.69,94.738
CR_1067,763,1000.0,12,Active,Car,814.38,81.438
CR_1068,798,500.0,6,Closed,Deposit,274.18,54.836
CR_1069,575,50000.0,12,Active,Car,46662.24,93.32448
CR_1070,600,10000.0,6,Default,Real Estate,13871.37,138.71370000000002
CR_1071,629,15275.671406003159,36,Closed,Deposit,0.0,0.0
CR_1072,856,500.0,6,Active,Deposit,398.2,79.64
CR_1073,821,10000.0,12,Closed,Car,10470.84,104.70839999999998
CR_1074,100,500.0,24,Default,Real Estate,688.53,137.706
CR_1075,320,25000.0,24,Closed,Nothing,0.0,0.0
CR_1076,532,25000.0,6,Closed,Nothing,0.0,0.0
CR_1077,965,50000.0,60,Active,Deposit,64256.07,128.51214
CR_1078,787,1000.0,36,Active,Deposit,538.57,53.85700000000001
CR_1079,574,500.0,6,Active,Real Estate,745.2,149.04000000000002
CR_1080,950,25000.0,6,Active,Real Estate,18356.03,73.42411999999999
CR_1081,404,5000.0,36,Closed,Deposit,5476.77,109.53540000000001
CR_1082,430,5000.0,6,Active,Real Estate,2914.49,58.28979999999999
CR_1083,108,50000.0,12,Closed,Deposit,66868.98,133.73796
CR_1084,316,50000.0,36,Default,Car,45312.39,90.62477999999999
CR_1085,460,500.0,12,Active,Car,745.99,149.198
CR_1086,65,5000.0,6,Default,Real Estate,3394.86,67.8972
CR_1087,759,50000.0,24,Active,Deposit,55409.11,110.81822000000001
CR_1088,779,5000.0,12,Default,Real Estate,7279.53,145.5906
CR_1089,985,50000.0,12,Active,Car,44152.62,88.30524000000001
CR_1090,813,1000.0,36,Active,Nothing,0.0,0.0
CR_1091,464,10000.0,60,Default,Deposit,10049.43,100.4943
CR_1092,12,25000.0,60,Active,Nothing,0.0,0.0
CR_1093,691,15275.671406003159,6,Default,Nothing,0.0,0.0
CR_1094,130,10000.0,36,Active,Car,10361.89,103.6189
CR_1095,562,5000.0,24,Default,Deposit,5511.26,110.2252
CR_1096,590,500.0,24,Active,Car,551.65,110.33
CR_1097,103,10000.0,6,Active,Real Estate,10772.05,107.7205
CR_1098,590,10000.0,6,Default,Deposit,7981.76,79.8176
CR_1099,842,15275.671406003159,12,Active,Deposit,0.0,0.0
CR_1100,610,25000.0,60,Default,Car,36373.56,145.49424
CR_1101,630,10000.0,12,Active,Deposit,14633.46,146.3346
CR_1102,426,5000.0,6,Closed,Real Estate,5350.28,107.00559999999999
CR_1103,242,500.0,36,Default,Car,339.8,67.96
CR_1104,739,1000.0,6,Closed,Real Estate,637.34,63.734
CR_1105,1,15275.671406003159,24,Closed,Real Estate,0.0,0.0
CR_1106,583,15275.671406003159,60,Default,Car,0.0,0.0
CR_1107,907,5000.0,60,Closed,Deposit,3529.93,70.5986
CR_1108,673,15275.671406003159,6,Closed,Deposit,0.0,0.0
CR_1109,742,500.0,12,Closed,Car,541.73,108.346
CR_1110,254,5000.0,24,Active,Deposit,4172.16,83.44319999999999
CR_1111,588,500.0,24,Closed,Real Estate,339.13,67.826
CR_1112,622,15275.671406003159,6,Closed,Car,0.0,0.0
CR_1113,594,25000.0,12,Active,Nothing,0.0,0.0
CR_1114,403,15275.671406003159,24,Default,Real Estate,0.0,0.0
CR_1115,80,15275.671406003159,12,Closed,Nothing,0.0,0.0
CR_1116,783,1000.0,60,Default,Nothing,0.0,0.0
CR_1117,596,15275.671406003159,24,Default,Car,0.0,0.0
CR_1118,299,500.0,36,Closed,Car,352.13,70.426
CR_1119,749,25000.0,60,Closed,Nothing,0.0,0.0
CR_1120,894,50000.0,6,Active,Real Estate,50591.55,101.18310000000001
CR_1121,374,500.0,36,Default,Real Estate,645.69,129.13800000000003
CR_1122,154,50000.0,24,Default,Nothing,0.0,0.0
CR_1123,310,25000.0,12,Active,Car,32374.3,129.4972
CR_1124,425,5000.0,36,Default,Car,6563.92,131.2784
CR_1125,869,15275.671406003159,36,Active,Real Estate,0.0,0.0
CR_1126,561,500.0,12,Default,Nothing,0.0,0.0
CR_1127,771,15275.671406003159,12,Closed,Car,0.0,0.0
CR_1128,538,15275.671406003159,36,Closed,Car,0.0,0.0
CR_1129,821,500.0,60,Default,Real Estate,645.52,129.10399999999998
CR_1130,41,10000.0,6,Closed,Real Estate,10831.93,108.31930000000001
CR_1131,491,15275.671406003159,60,Closed,Car,0.0,0.0
CR_1132,856,15275.671406003159,24,Default,Deposit,0.0,0.0
CR_1133,91,25000.0,12,Default,Car,17419.79,69.67916000000001
CR_1134,903,500.0,24,Closed,Deposit,626.54,125.30799999999999
CR_1135,875,500.0,60,Default,Car,517.4,103.47999999999999
CR_1136,426,5000.0,6,Default,Real Estate,6267.76,125.3552
CR_1137,892,50000.0,6,Closed,Deposit,29535.46,59.070919999999994
CR_1138,286,500.0,36,Default,Car,453.93,90.786
CR_1139,390,15275.671406003159,6,Closed,Real Estate,0.0,0.0
CR_1140,439,1000.0,12,Active,Car,924.65,92.465
CR_1141,655,500.0,12,Active,Deposit,610.24,122.048
CR_1142,796,25000.0,60,Closed,Deposit,22005.0,88.02
CR_1143,451,500.0,12,Default,Nothing,0.0,0.0
CR_1144,492,15275.671406003159,6,Closed,Car,0.0,0.0
CR_1145,126,5000.0,6,Default,Deposit,5614.28,112.28559999999999
CR_1146,675,25000.0,12,Active,Car,24663.42,98.65368
CR_1147,635,25000.0,12,Active,Car,36528.5,146.114
CR_1148,369,25000.0,24,Closed,Car,20413.42,81.65368
CR_1149,421,15275.671406003159,36,Active,Car,0.0,0.0
CR_1150,937,50000.0,36,Active,Nothing,0.0,0.0
CR_1151,58,50000.0,24,Default,Nothing,0.0,0.0
CR_1152,866,50000.0,12,Closed,Deposit,64649.39,129.29878
CR_1153,721,25000.0,36,Closed,Deposit,23335.19,93.34075999999999
CR_1154,439,25000.0,24,Closed,Deposit,30919.22,123.67688000000001
CR_1155,616,15275.671406003159,12,Closed,Deposit,0.0,0.0
CR_1156,705,15275.671406003159,24,Closed,Nothing,0.0,0.0
CR_1157,48,5000.0,24,Closed,Nothing,0.0,0.0
CR_1158,473,10000.0,36,Active,Real Estate,6469.35,64.6935
CR_1159,242,50000.0,6,Active,Nothing,0.0,0.0
CR_1160,849,15275.671406003159,36,Active,Real Estate,0.0,0.0
CR_1161,993,15275.671406003159,24,Default,Deposit,0.0,0.0
CR_1162,656,25000.0,60,Active,Real Estate,34744.89,138.97956
CR_1163,466,10000.0,6,Default,Deposit,14857.49,148.57489999999999
CR_1164,690,10000.0,6,Closed,Car,11423.82,114.2382
CR_1165,2,15275.671406003159,24,Default,Real Estate,0.0,0.0
CR_1166,577,5000.0,60,Active,Nothing,0.0,0.0
CR_1167,1,50000.0,12,Default,Car,30258.84,60.51768
CR_1168,101,25000.0,12,Active,Real Estate,34031.45,136.1258
CR_1169,925,10000.0,24,Active,Real Estate,7250.15,72.5015
CR_1170,669,10000.0,24,Active,Real Estate,14205.86,142.0586
CR_1171,708,15275.671406003159,36,Default,Nothing,0.0,0.0
CR_1172,587,1000.0,6,Default,Deposit,971.02,97.102
CR_1173,913,500.0,6,Default,Real Estate,621.99,124.39800000000001
CR_1174,74,500.0,24,Active,Real Estate,474.78,94.95599999999999
CR_1175,329,50000.0,24,Default,Car,46619.79,93.23958
CR_1176,793,50000.0,24,Active,Nothing,0.0,0.0
CR_1177,245,50000.0,24,Closed,Deposit,36318.29,72.63658000000001
CR_1178,329,1000.0,36,Closed,Car,1108.54,110.85399999999998
CR_1179,388,5000.0,24,Closed,Deposit,6551.73,131.0346
CR_1180,870,5000.0,36,Default,Nothing,0.0,0.0
CR_1181,416,25000.0,6,Default,Car,22234.25,88.937
CR_1182,749,15275.671406003159,24,Default,Real Estate,0.0,0.0
CR_1183,570,1000.0,12,Default,Car,760.13,76.01299999999999
CR_1184,267,1000.0,12,Closed,Real Estate,1053.46,105.346
CR_1185,242,50000.0,36,Default,Car,57044.87,114.08974
CR_1186,503,10000.0,60,Default,Deposit,7309.86,73.09859999999999
CR_1187,559,500.0,12,Default,Real Estate,619.34,123.868
CR_1188,3,50000.0,6,Active,Deposit,74810.24,149.62048000000001
CR_1189,336,50000.0,60,Active,Nothing,0.0,0.0
CR_1190,367,1000.0,36,Default,Real Estate,1234.1,123.41
CR_1191,50,5000.0,60,Default,Real Estate,4636.15,92.72299999999998
CR_1192,88,25000.0,6,Default,Car,35428.21,141.71284
CR_1193,44,1000.0,36,Closed,Real Estate,778.01,77.801
CR_1194,853,1000.0,6,Default,Car,756.62,75.66199999999999
CR_1195,573,500.0,60,Active,Car,420.62,84.124
CR_1196,172,50000.0,12,Default,Deposit,59073.03,118.14606
CR_1197,270,15275.671406003159,36,Default,Real Estate,0.0,0.0
CR_1198,375,5000.0,12,Active,Nothing,0.0,0.0
CR_1199,948,500.0,12,Default,Deposit,308.02,61.60399999999999
CR_1200,426,15275.671406003159,24,Closed,Real Estate,0.0,0.0
CR_1201,390,1000.0,12,Active,Real Estate,916.01,91.601
CR_1202,322,10000.0,6,Closed,Car,11086.7,110.867
CR_1203,373,10000.0,36,Active,Real Estate,10154.6,101.546
CR_1204,477,15275.671406003159,60,Default,Real Estate,0.0,0.0
CR_1205,604,25000.0,6,Default,Real Estate,26429.77,105.71908
CR_1206,758,25000.0,60,Closed,Deposit,14998.73,59.99491999999999
CR_1207,416,1000.0,12,Closed,Car,835.23,83.523
CR_1208,571,10000.0,12,Active,Car,8191.5,81.915
CR_1209,622,50000.0,24,Active,Car,67213.28,134.42656
CR_1210,687,50000.0,6,Default,Real Estate,32578.78,65.15755999999999
CR_1211,880,10000.0,24,Default,Real Estate,6259.1,62.59100000000001
CR_1212,571,500.0,60,Active,Car,497.71,99.542
CR_1213,719,500.0,6,Closed,Real Estate,255.12,51.024
CR_1214,603,15275.671406003159,12,Active,Real Estate,0.0,0.0
CR_1215,177,50000.0,6,Closed,Deposit,40935.18,81.87035999999999
CR_1216,61,5000.0,36,Default,Car,4903.21,98.0642
CR_1217,56,25000.0,24,Closed,Deposit,33285.49,133.14195999999998
CR_1218,11,500.0,60,Active,Car,689.08,137.816
CR_1219,855,1000.0,36,Active,Car,1430.56,143.056
CR_1220,543,10000.0,6,Closed,Car,7400.43,74.0043
CR_1221,803,1000.0,12,Default,Deposit,821.42,82.142
CR_1222,4,15275.671406003159,12,Closed,Real Estate,0.0,0.0
CR_1223,121,1000.0,60,Default,Real Estate,704.15,70.41499999999999
CR_1224,863,25000.0,24,Default,Real Estate,19997.83,79.99132000000002
CR_1225,335,5000.0,24,Default,Nothing,0.0,0.0
CR_1226,537,50000.0,12,Closed,Real Estate,64256.51,128.51302
CR_1227,571,50000.0,24,Active,Car,47224.31,94.44861999999999
CR_1228,309,50000.0,60,Default,Car,63088.82,126.17764
CR_1229,715,15275.671406003159,12,Closed,Nothing,0.0,0.0
CR_1230,637,500.0,36,Default,Car,502.67,100.534
CR_1231,438,1000.0,36,Active,Real Estate,966.39,96.639
CR_1232,935,15275.671406003159,24,Active,Car,0.0,0.0
CR_1233,754,15275.671406003159,60,Active,Nothing,0.0,0.0
CR_1234,583,5000.0,60,Closed,Car,4705.36,94.10719999999999
CR_1235,51,15275.671406003159,12,Closed,Real Estate,0.0,0.0
CR_1236,667,1000.0,12,Active,Car,1343.66,134.366
CR_1237,686,25000.0,12,Default,Nothing,0.0,0.0
CR_1238,294,50000.0,6,Default,Deposit,62078.3,124.1566
CR_1239,468,25000.0,6,Default,Deposit,34718.89,138.87555999999998
CR_1240,20,50000.0,12,Active,Car,49607.42,99.21484
CR_1241,140,10000.0,60,Default,Nothing,0.0,0.0
CR_1242,372,50000.0,24,Closed,Deposit,28612.01,57.224019999999996
CR_1243,1000,15275.671406003159,6,Closed,Car,0.0,0.0
CR_1244,989,10000.0,12,Closed,Nothing,0.0,0.0
CR_1245,19,1000.0,12,Default,Car,924.04,92.404
CR_1246,440,5000.0,24,Active,Car,4308.54,86.1708
CR_1247,744,50000.0,24,Closed,Real Estate,72750.21,145.50042000000002
CR_1248,78,50000.0,24,Active,Nothing,0.0,0.0
CR_1249,489,5000.0,12,Default,Car,5466.97,109.3394
CR_1250,581,50000.0,24,Default,Deposit,54726.4,109.4528
CR_1251,740,10000.0,60,Active,Nothing,0.0,0.0
CR_1252,642,10000.0,24,Active,Deposit,5390.61,53.9061
CR_1253,182,50000.0,24,Closed,Deposit,42411.57,84.82314
CR_1254,313,25000.0,6,Active,Car,17959.09,71.83636
CR_1255,699,1000.0,60,Active,Deposit,1054.17,105.417
CR_1256,16,1000.0,60,Default,Nothing,0.0,0.0
CR_1257,706,50000.0,12,Default,Car,48460.01,96.92002000000001
CR_1258,498,15275.671406003159,60,Closed,Real Estate,0.0,0.0
CR_1259,984,500.0,12,Active,Car,599.39,119.878
CR_1260,856,10000.0,60,Default,Car,7660.84,76.6084
CR_1261,58,10000.0,6,Closed,Car,5514.34,55.1434
CR_1262,18,25000.0,60,Closed,Real Estate,33806.38,135.22552
CR_1263,108,50000.0,60,Active,Nothing,0.0,0.0
CR_1264,438,10000.0,24,Closed,Car,6158.46,61.5846
CR_1265,900,5000.0,60,Closed,Deposit,7137.99,142.75979999999998
CR_1266,651,25000.0,12,Default,Car,14958.24,59.83296
CR_1267,425,5000.0,12,Closed,Deposit,7307.64,146.1528
CR_1268,763,15275.671406003159,60,Active,Nothing,0.0,0.0
CR_1269,907,500.0,60,Closed,Deposit,540.19,108.03800000000001
CR_1270,477,1000.0,36,Active,Car,664.89,66.489
CR_1271,763,10000.0,6,Closed,Real Estate,6610.59,66.1059
CR_1272,343,5000.0,12,Default,Car,4105.81,82.1162
CR_1273,423,1000.0,24,Active,Deposit,1276.19,127.61900000000001
CR_1274,441,50000.0,12,Default,Real Estate,27806.52,55.613040000000005
CR_1275,221,10000.0,6,Active,Car,5328.42,53.284200000000006
CR_1276,708,25000.0,36,Default,Real Estate,27653.38,110.61352
CR_1277,322,5000.0,36,Active,Nothing,0.0,0.0
CR_1278,379,25000.0,36,Active,Deposit,13685.88,54.743520000000004
CR_1279,353,10000.0,60,Default,Car,13806.71,138.0671
CR_1280,544,50000.0,6,Active,Car,41691.29,83.38258
CR_1281,69,10000.0,36,Closed,Deposit,10422.03,104.2203
CR_1282,132,50000.0,12,Default,Real Estate,41730.43,83.46086
CR_1283,780,25000.0,60,Active,Car,20856.57,83.42627999999999
CR_1284,922,10000.0,36,Closed,Real Estate,12295.81,122.9581
CR_1285,127,500.0,6,Active,Deposit,335.58,67.116
CR_1286,810,500.0,6,Default,Car,431.25,86.25
CR_1287,571,5000.0,60,Closed,Nothing,0.0,0.0
CR_1288,85,50000.0,60,Active,Real Estate,61275.21,122.55042
CR_1289,316,1000.0,36,Default,Nothing,0.0,0.0
CR_1290,402,5000.0,36,Active,Real Estate,7389.63,147.7926
CR_1291,250,50000.0,6,Closed,Car,27788.78,55.57755999999999
CR_1292,959,25000.0,6,Closed,Deposit,25423.96,101.69584
CR_1293,190,15275.671406003159,36,Closed,Nothing,0.0,0.0
CR_1294,332,5000.0,6,Closed,Nothing,0.0,0.0
CR_1295,4,50000.0,12,Default,Real Estate,25548.89,51.09778
CR_1296,146,50000.0,24,Default,Car,39859.46,79.71892
CR_1297,227,50000.0,12,Active,Deposit,71050.56,142.10111999999998
CR_1298,153,15275.671406003159,12,Default,Nothing,0.0,0.0
CR_1299,161,50000.0,24,Default,Nothing,0.0,0.0
CR_1300,219,15275.671406003159,24,Active,Deposit,0.0,0.0
CR_1301,395,1000.0,60,Active,Nothing,0.0,0.0
CR_1302,607,50000.0,6,Default,Car,39536.36,79.07271999999999
CR_1303,838,500.0,12,Closed,Car,569.71,113.94200000000001
CR_1304,641,500.0,60,Closed,Car,562.25,112.45
CR_1305,687,500.0,6,Active,Deposit,556.11,111.222
CR_1306,122,50000.0,60,Default,Car,69748.66,139.49732
CR_1307,702,25000.0,36,Closed,Deposit,24861.92,99.44767999999999
CR_1308,940,25000.0,60,Closed,Car,37353.13,149.41251999999997
CR_1309,591,25000.0,60,Active,Car,23339.12,93.35647999999999
CR_1310,41,25000.0,12,Closed,Nothing,0.0,0.0
CR_1311,715,500.0,24,Active,Nothing,0.0,0.0
CR_1312,314,10000.0,6,Closed,Nothing,0.0,0.0
CR_1313,22,50000.0,6,Default,Nothing,0.0,0.0
CR_1314,42,5000.0,24,Closed,Real Estate,5050.88,101.0176
CR_1315,159,10000.0,60,Active,Deposit,13444.5,134.445
CR_1316,585,15275.671406003159,36,Default,Deposit,0.0,0.0
CR_1317,379,500.0,24,Closed,Real Estate,538.55,107.71
CR_1318,337,25000.0,6,Default,Real Estate,14051.46,56.205839999999995
CR_1319,163,1000.0,36,Active,Car,579.0,57.9
CR_1320,268,10000.0,24,Active,Nothing,0.0,0.0
CR_1321,657,5000.0,6,Closed,Car,5918.21,118.36420000000001
CR_1322,941,5000.0,36,Default,Real Estate,3656.1,73.122
CR_1323,334,5000.0,6,Closed,Nothing,0.0,0.0
CR_1324,339,1000.0,12,Default,Real Estate,1327.83,132.783
CR_1325,311,50000.0,12,Default,Nothing,0.0,0.0
CR_1326,565,50000.0,12,Closed,Car,47202.1,94.40419999999999
CR_1327,815,25000.0,36,Default,Nothing,0.0,0.0
CR_1328,838,10000.0,12,Closed,Deposit,9783.04,97.83040000000001
CR_1329,711,1000.0,6,Default,Car,760.66,76.066
CR_1330,615,500.0,60,Default,Real Estate,489.85,97.97
CR_1331,802,25000.0,36,Active,Deposit,28697.35,114.7894
CR_1332,223,1000.0,6,Active,Real Estate,1119.8,111.97999999999999
CR_1333,34,1000.0,12,Active,Real Estate,806.13,80.613
CR_1334,397,500.0,36,Closed,Car,542.96,108.592
CR_1335,269,25000.0,6,Default,Nothing,0.0,0.0
CR_1336,541,5000.0,24,Default,Nothing,0.0,0.0
CR_1337,425,15275.671406003159,36,Active,Deposit,0.0,0.0
CR_1338,4,1000.0,60,Closed,Car,627.29,62.729
CR_1339,937,5000.0,60,Default,Nothing,0.0,0.0
CR_1340,631,5000.0,36,Closed,Nothing,0.0,0.0
CR_1341,620,5000.0,24,Active,Car,2927.42,58.5484
CR_1342,98,10000.0,6,Active,Nothing,0.0,0.0
CR_1343,928,50000.0,6,Default,Nothing,0.0,0.0
CR_1344,676,50000.0,6,Default,Deposit,56052.76,112.10552
CR_1345,677,50000.0,24,Closed,Deposit,61934.98,123.86996
CR_1346,67,25000.0,6,Active,Deposit,36397.96,145.59184000000002
CR_1347,186,25000.0,24,Active,Deposit,28445.09,113.78036
CR_1348,690,5000.0,6,Active,Deposit,5920.75,118.415
CR_1349,28,500.0,12,Active,Car,297.78,59.556
CR_1350,300,25000.0,60,Active,Nothing,0.0,0.0
CR_1351,954,1000.0,36,Active,Nothing,0.0,0.0
CR_1352,97,15275.671406003159,6,Closed,Car,0.0,0.0
CR_1353,250,1000.0,60,Active,Car,1274.39,127.43900000000001
CR_1354,617,500.0,36,Active,Real Estate,654.76,130.952
CR_1355,22,5000.0,24,Active,Car,3917.44,78.3488
CR_1356,602,25000.0,6,Closed,Real Estate,13404.72,53.618880000000004
CR_1357,248,1000.0,6,Active,Deposit,1364.37,136.43699999999998
CR_1358,716,15275.671406003159,24,Default,Deposit,0.0,0.0
CR_1359,203,50000.0,24,Closed,Deposit,54016.67,108.03334
CR_1360,750,15275.671406003159,6,Active,Car,0.0,0.0
CR_1361,973,50000.0,36,Default,Real Estate,46073.83,92.14766
CR_1362,813,5000.0,60,Closed,Real Estate,5003.93,100.0786
CR_1363,9,5000.0,24,Closed,Real Estate,6430.25,128.605
CR_1364,4,500.0,60,Default,Car,436.12,87.224
CR_1365,715,5000.0,60,Active,Nothing,0.0,0.0
CR_1366,526,500.0,12,Active,Car,563.77,112.754
CR_1367,87,5000.0,12,Active,Real Estate,5211.49,104.2298
CR_1368,510,5000.0,36,Active,Nothing,0.0,0.0
CR_1369,65,5000.0,60,Active,Nothing,0.0,0.0
CR_1370,929,1000.0,36,Closed,Nothing,0.0,0.0
CR_1371,323,500.0,60,Active,Deposit,666.94,133.388
CR_1372,493,5000.0,36,Active,Real Estate,3004.57,60.09140000000001
CR_1373,707,500.0,36,Default,Car,598.63,119.726
CR_1374,23,15275.671406003159,24,Closed,Nothing,0.0,0.0
CR_1375,169,15275.671406003159,60,Default,Deposit,0.0,0.0
CR_1376,643,5000.0,12,Active,Deposit,4737.82,94.7564
CR_1377,24,1000.0,24,Closed,Car,593.28,59.32799999999999
CR_1378,272,1000.0,12,Active,Nothing,0.0,0.0
CR_1379,368,50000.0,60,Active,Nothing,0.0,0.0
CR_1380,798,10000.0,60,Active,Real Estate,12730.74,127.3074
CR_1381,885,1000.0,24,Active,Nothing,0.0,0.0
CR_1382,561,10000.0,24,Active,Real Estate,6072.53,60.72529999999999
CR_1383,126,50000.0,24,Closed,Deposit,55850.72,111.70143999999999
CR_1384,397,50000.0,6,Default,Real Estate,51315.38,102.63076
CR_1385,742,15275.671406003159,24,Active,Deposit,0.0,0.0
CR_1386,227,25000.0,36,Closed,Car,14985.6,59.942400000000006
CR_1387,633,500.0,36,Closed,Nothing,0.0,0.0
CR_1388,790,50000.0,60,Closed,Real Estate,69300.88,138.60176
CR_1389,346,1000.0,12,Default,Car,502.65,50.26499999999999
CR_1390,888,10000.0,12,Closed,Car,11260.85,112.6085
CR_1391,563,1000.0,36,Active,Deposit,1456.51,145.651
CR_1392,715,15275.671406003159,12,Default,Nothing,0.0,0.0
CR_1393,184,5000.0,36,Default,Car,6750.69,135.01379999999997
CR_1394,705,50000.0,36,Closed,Car,72932.18,145.86435999999998
CR_1395,208,50000.0,6,Active,Car,64417.73,128.83546
CR_1396,322,25000.0,6,Closed,Nothing,0.0,0.0
CR_1397,324,5000.0,36,Active,Deposit,5044.86,100.8972
CR_1398,433,50000.0,6,Active,Deposit,32173.75,64.3475
CR_1399,972,15275.671406003159,6,Default,Deposit,0.0,0.0
CR_1400,910,5000.0,12,Default,Car,5501.76,110.0352
CR_1401,54,5000.0,60,Closed,Nothing,0.0,0.0
CR_1402,469,5000.0,60,Default,Nothing,0.0,0.0
CR_1403,523,500.0,6,Active,Nothing,0.0,0.0
CR_1404,793,50000.0,60,Default,Deposit,66418.72,132.83744
CR_1405,948,50000.0,60,Default,Nothing,0.0,0.0
CR_1406,615,25000.0,60,Active,Real Estate,26923.84,107.69536
CR_1407,271,25000.0,60,Default,Car,22431.05,89.7242
CR_1408,562,15275.671406003159,12,Active,Car,0.0,0.0
CR_1409,36,1000.0,36,Default,Car,567.69,56.769000000000005
CR_1410,874,1000.0,24,Default,Deposit,1081.27,108.127
CR_1411,728,25000.0,6,Closed,Deposit,24421.03,97.68412
CR_1412,816,25000.0,24,Closed,Nothing,0.0,0.0
CR_1413,736,5000.0,12,Active,Nothing,0.0,0.0
CR_1414,649,10000.0,36,Active,Real Estate,7471.69,74.7169
CR_1415,211,1000.0,36,Active,Car,588.21,58.821
CR_1416,192,5000.0,12,Closed,Real Estate,4574.46,91.48920000000001
CR_1417,70,5000.0,36,Default,Real Estate,3958.29,79.16579999999999
CR_1418,4,5000.0,24,Default,Nothing,0.0,0.0
CR_1419,820,50000.0,60,Closed,Nothing,0.0,0.0
CR_1420,889,500.0,6,Default,Deposit,609.22,121.844
CR_1421,301,15275.671406003159,60,Default,Real Estate,0.0,0.0
CR_1422,557,15275.671406003159,6,Default,Nothing,0.0,0.0
CR_1423,114,15275.671406003159,12,Active,Deposit,0.0,0.0
CR_1424,183,5000.0,12,Default,Real Estate,6611.39,132.2278
CR_1425,602,50000.0,36,Active,Real Estate,74316.71,148.63342000000003
CR_1426,713,25000.0,36,Closed,Deposit,34991.84,139.96735999999999
CR_1427,667,5000.0,6,Default,Deposit,7195.18,143.9036
CR_1428,597,1000.0,24,Default,Real Estate,1402.56,140.256
CR_1429,127,50000.0,24,Closed,Nothing,0.0,0.0
CR_1430,520,15275.671406003159,6,Default,Car,0.0,0.0
CR_1431,403,50000.0,12,Default,Real Estate,54225.93,108.45186
CR_1432,87,15275.671406003159,24,Closed,Deposit,0.0,0.0
CR_1433,827,500.0,36,Closed,Deposit,683.52,136.704
CR_1434,688,15275.671406003159,24,Default,Car,0.0,0.0
CR_1435,565,1000.0,36,Closed,Real Estate,799.4,79.94
CR_1436,209,50000.0,24,Default,Nothing,0.0,0.0
CR_1437,196,10000.0,60,Closed,Car,13618.32,136.1832
CR_1438,76,1000.0,36,Default,Nothing,0.0,0.0
CR_1439,541,10000.0,24,Default,Real Estate,6905.35,69.0535
CR_1440,418,50000.0,36,Default,Deposit,57347.64,114.69528
CR_1441,953,500.0,36,Active,Car,306.11,61.222
CR_1442,616,1000.0,6,Closed,Nothing,0.0,0.0
CR_1443,549,1000.0,36,Active,Deposit,1104.96,110.496
CR_1444,581,25000.0,24,Active,Deposit,26124.62,104.49848
CR_1445,993,500.0,24,Closed,Car,639.42,127.884
CR_1446,69,500.0,60,Active,Deposit,319.93,63.986
CR_1447,249,10000.0,6,Active,Nothing,0.0,0.0
CR_1448,103,1000.0,60,Default,Car,792.85,79.28500000000001
CR_1449,244,1000.0,36,Default,Car,678.9,67.89
CR_1450,690,5000.0,6,Default,Car,7428.73,148.5746
CR_1451,436,50000.0,6,Default,Car,39804.69,79.60938
CR_1452,770,50000.0,24,Active,Deposit,44963.87,89.92774
CR_1453,88,1000.0,12,Closed,Nothing,0.0,0.0
CR_1454,652,1000.0,60,Closed,Car,1131.95,113.19500000000001
CR_1455,614,1000.0,6,Closed,Car,713.07,71.30700000000002
CR_1456,347,1000.0,60,Closed,Deposit,867.44,86.74400000000001
CR_1457,455,5000.0,24,Closed,Car,7380.63,147.61260000000001
CR_1458,586,1000.0,24,Active,Nothing,0.0,0.0
CR_1459,551,1000.0,24,Active,Deposit,740.1,74.00999999999999
CR_1460,726,1000.0,60,Default,Deposit,703.21,70.321
CR_1461,574,15275.671406003159,12,Closed,Car,0.0,0.0
CR_1462,383,25000.0,24,Closed,Real Estate,15488.24,61.952960000000004
CR_1463,461,10000.0,12,Default,Nothing,0.0,0.0
CR_1464,579,50000.0,12,Default,Real Estate,54218.53,108.43706
CR_1465,806,50000.0,36,Default,Deposit,45253.46,90.50692000000001
CR_1466,281,1000.0,12,Default,Nothing,0.0,0.0
CR_1467,675,50000.0,12,Closed,Real Estate,27398.85,54.79769999999999
CR_1468,385,50000.0,36,Closed,Real Estate,67270.32,134.54064000000002
CR_1469,478,1000.0,36,Active,Car,593.14,59.314
CR_1470,302,10000.0,12,Closed,Real Estate,9498.27,94.98270000000001
CR_1471,774,50000.0,36,Active,Real Estate,27346.93,54.69386000000001
CR_1472,404,25000.0,12,Closed,Car,29031.04,116.12416
CR_1473,36,15275.671406003159,36,Active,Real Estate,0.0,0.0
CR_1474,577,500.0,6,Closed,Car,649.35,129.87
CR_1475,907,25000.0,12,Closed,Nothing,0.0,0.0
CR_1476,510,1000.0,24,Default,Car,862.13,86.213
CR_1477,152,50000.0,60,Default,Deposit,54832.1,109.6642
CR_1478,492,10000.0,60,Default,Car,13177.92,131.7792
CR_1479,938,1000.0,60,Closed,Car,1061.42,106.142
CR_1480,497,5000.0,24,Default,Real Estate,2945.65,58.913000000000004
CR_1481,801,10000.0,6,Active,Real Estate,11825.13,118.25129999999999
CR_1482,763,1000.0,6,Closed,Car,995.18,99.518
CR_1483,969,1000.0,36,Closed,Car,1013.84,101.38400000000001
CR_1484,303,15275.671406003159,60,Active,Real Estate,0.0,0.0
CR_1485,61,500.0,24,Default,Deposit,326.48,65.29599999999999
CR_1486,29,25000.0,6,Closed,Real Estate,29170.12,116.68048
CR_1487,221,15275.671406003159,24,Default,Car,0.0,0.0
CR_1488,402,5000.0,60,Closed,Deposit,6650.72,133.0144
CR_1489,481,1000.0,36,Closed,Deposit,1380.51,138.051
CR_1490,149,1000.0,24,Closed,Car,1107.94,110.79400000000001
CR_1491,151,25000.0,12,Closed,Real Estate,36891.51,147.56604
CR_1492,110,5000.0,36,Active,Deposit,3679.71,73.5942
CR_1493,350,1000.0,36,Closed,Nothing,0.0,0.0
CR_1494,343,1000.0,6,Active,Nothing,0.0,0.0
CR_1495,680,10000.0,6,Default,Car,10804.3,108.043
CR_1496,599,10000.0,60,Active,Nothing,0.0,0.0
CR_1497,482,1000.0,60,Closed,Nothing,0.0,0.0
CR_1498,632,10000.0,36,Active,Deposit,9682.78,96.82780000000001
CR_1499,995,15275.671406003159,12,Closed,Real Estate,0.0,0.0
CR_1500,29,25000.0,12,Active,Nothing,0.0,0.0
